"Instrument Fullname";"ESG Classification";Name;ISIN;Symbol;Market;Currency;"Open Price";"High Price";"low Price";"last Price";"last Trade MIC Time";"Time Zone";Volume;Turnover;"Closing Price";"Closing Price DateTime"
"European Trackers"
"10 Aug 2026"
"All datapoints provided as of end of last active trading day."
"Amundi PEA Asie Pacifique (MSCI AC Asia Pacific Ex Japan) UCITS ETF Acc";-;"AM ASIP EXJ PEA";FR0011869312;PAEJ;"Euronext Paris";EUR;26.635;26.675;26.48;26.555;" 17:27";CET;24116;640357.71;26.53;
"Amundi MSCI EMU ESG Selection - UCITS ETF DR - EUR (D)";"ESG ETF art. 8";"AM EMU ESG LEAD D";LU2059756325;CMUD;"Euronext Paris";EUR;87.38;87.57;87.12;87.12;" 17:35";CET;257;22438.33;87.12;
"Amundi MSCI EMU ESG Selection - UCITS ETF DR - EUR (C)";"ESG ETF art. 8";"AM EMU ESG LEAD EU";LU1602144575;CMU;"Euronext Paris";EUR;430.40;431.30;428.95;428.95;" 17:35";CET;420;180457.85;428.95;
"Amundi PEA Immobilier Europe (FTSE EPRA/NAREIT) UCITS ETF Acc";-;"AM IMMO EUR PEA";FR0011869304;PMEH;"Euronext Paris";EUR;13.232;13.314;13.20;13.244;" 17:35";CET;5438;72065.992;13.244;
"Amundi PEA Nasdaq-100 UCITS ETF Acc";-;"AM NSDQ 100 PEA";FR0011871110;PUST;"Euronext Paris";EUR;103.52;103.68;102.84;103.02;" 17:35";CET;38666;3998381.38;103.02;
"Amundi PEA S&P 500 UCITS ETF EUR Hedged Acc";-;"AM PEA SP5H EUR";FR0011871136;PSPH;"Euronext Paris";EUR;27.095;27.12;27.035;27.075;" 17:35";CET;19656;532459.75;27.075;
"Amundi PEA S&P US Consumer Staples Screened UCITS ETF - Acc";"ESG ETF art. 8";"Am PEA US ConsStpl";FR001400KE06;COSE;"Euronext Paris";EUR;11.298;11.298;11.222;11.236;" 17:29";CET;125;1409.132;11.242;
"Amundi PEA MSCI USA Value Advanced UCITS ETF - Acc";"ESG ETF art. 8";"AM PEA USA Value";FR001400KH45;USVE;"Euronext Paris";EUR;15.056;15.056;15.014;15.05;" 17:04";CET;524;7882.282;15.042;
"Amundi PEA Luxe Monde UCITS ETF Acc";-;AMUETFGLUXIMXPAR;FR001400S9V0;MLUX;"Euronext Paris";EUR;9.881;9.881;9.79;9.812;" 17:26";CET;1207;11905.404;9.809;
"AMUNDI PEA MONDE MSCI World UCITS ETF Acc";-;AMUETFMSDEWIXPAR;FR001400U5Q4;DCAM;"Euronext Paris";EUR;6.253;6.255;6.238;6.247;" 17:35";CET;1262366;7888218.626;6.247;
"Amundi PEA Emergent (MSCI Emerging) ESG Transition UCITS ETF S - Acc";"ESG ETF art. 8";AMUETFMXEECCXPAR;FR001400ZGO4;PEMS;"Euronext Paris";EUR;7.304;7.304;7.245;7.266;" 17:35";CET;22531;164060.108;7.266;
"Amundi PEA Global (MSCI ACWI) UCITS ETF Acc";-;AMUETFNDEEWNXPAR;FR0014017NX3;GPEA;"Euronext Paris";EUR;5.067;5.075;5.058;5.058;" 17:35";CET;433637;2197083.001;5.058;
"Amundi PEA Nasdaq-100 UCITS ETF S - Acc";-;AMUETFNSDQXPAR;FR001400ZGR7;PNAS;"Euronext Paris";EUR;6.788;6.801;6.75;6.755;" 17:35";CET;27664;187738.826;6.755;
"Amundi PEA S&P 500 Screened UCITS ETF S - Acc";"ESG ETF art. 8";AMUETFSPXESAXPAR;FR001400ZGS5;PSPS;"Euronext Paris";EUR;6.693;6.693;6.621;6.648;" 14:23";CET;5603;37337.285;6.645;
"Amundi CAC 40 UCITS ETF Acc";-;"AMUNDI CAC40 ACC";FR0013380607;CACC;"Euronext Paris";EUR;44.185;44.255;44.07;44.215;" 17:35";CET;28708;1268400.115;44.215;
"Amundi PEA Chine (MSCI China) Screened UCITS ETF";"ESG ETF art. 8";"AMUNDI Chine PEA";FR0011871078;PASI;"Euronext Paris";EUR;10.148;10.182;10.102;10.182;" 17:35";CET;10325;104730.432;10.182;
"Amundi MSCI EMU ESG Broad Transition UCITS ETF ACC";"ESG ETF art. 9";"AMUNDI COR STOX300";LU0908501058;MFED;"Euronext Paris";EUR;378.80;380.00;378.20;378.20;" 17:35";CET;1113;421585.95;378.20;
"Amundi Core MSCI EMU UCITS ETF Dist";-;"AMUNDI Core EMU";LU1646360971;MFE;"Euronext Paris";EUR;85.70;86.01;85.62;85.67;" 15:56";CET;109035;9366585.13;85.74;
"Amundi Core MSCI EMU UCITS ETF Acc";-;"AMUNDI Core EMUACC";LU1646361276;MFEC;"Euronext Paris";EUR;19.59;19.672;19.57;19.576;" 17:16";CET;15745;308814.778;19.59;
"Amundi PEA S&P US Industrials Screened UCITS ETF - Acc";"ESG ETF art. 8";"AMUNDI DJIA PEA";FR0011869270;PDJE;"Euronext Paris";EUR;48.60;48.70;48.525;48.625;" 17:35";CET;634;30828.455;48.625;
"Amundi MSCI EMU SRI Climate Paris Aligned - UCITS ETF DR (C)";"ESG ETF art. 8";"AMUNDI EESG ETF";LU2109787635;EESG;"Euronext Paris";EUR;112.20;112.30;111.64;111.72;" 17:35";CET;428;47899.28;111.72;
"Amundi MSCI EMU Value Factor";-;"AMUNDI EMU VALUE";LU1598690169;VAL;"Euronext Paris";EUR;197.20;197.70;196.90;197.52;" 17:35";CET;1768;348812.22;197.52;
"Amundi Core EURO STOXX 50 UCITS ETF USD Acc";-;"AMUNDI ES50 USD";LU1681047400;C50U;"Euronext Paris - Multi-currency Trading";USD;202.45;203.05;202.45;203.00;" 17:21";CET;119;24149.35;202.75;
"Amundi EURO STOXX 50 II UCITS ETF Acc";-;"AMUNDI ESTOXX50";FR0007054358;MSE;"Euronext Paris";EUR;74.37;74.71;74.29;74.47;" 17:35";CET;567334;42302442.64;74.47;
"Amundi CAC 40 Daily (-2x) Inverse UCITS ETF Acc";-;"AMUNDI ETF BX4";FR0010411884;BX4;"Euronext Paris";EUR;0.5513;0.5544;0.5499;0.5503;" 17:35";CET;5783603;3189150.9421;0.5503;
"AMUNDI CAC 40 ESG UCITS ETF Acc";"ESG ETF art. 8";"AMUNDI ETF CAC 40";LU1681046931;C40;"Euronext Paris";EUR;154.20;154.20;153.70;154.02;" 17:35";CET;932;143536.50;154.02;
"Amundi CAC 40 UCITS ETF Dist";-;"AMUNDI ETF CAC 40";FR0007052782;CAC;"Euronext Paris";EUR;87.98;88.08;87.74;88.02;" 17:35";CET;20470;1800793.79;88.02;
"AMUNDI CAC TRANSITION CLIMAT UCITS ETF";-;"AMUNDI ETF CAC FRA";FR0010655704;CF1;"Euronext Paris";EUR;445.75;445.75;445.00;445.20;" 15:41";CET;13;5787.40;445.20;
"Amundi DAX II UCITS ETF Acc";-;"AMUNDI ETF DAX";LU0252633754;DAX;"Euronext Paris";EUR;239.65;240.40;239.25;239.55;" 17:35";CET;905;217081.30;239.55;
"AMUNDI ETF DAX UCITS ETF DR";-;"AMUNDI ETF DAX DR";FR0010655712;CG1;"Euronext Paris";EUR;465.50;467.00;465.05;465.20;" 17:35";CET;392;182699.35;465.20;
"Amundi MSCI EMU High Dividend UCITS ETF Acc";-;"AMUNDI ETF EMU HDV";FR0010717090;CD8;"Euronext Paris";EUR;215.80;216.05;215.35;215.90;" 17:35";CET;2751;593521.20;215.90;
"Amundi Core EURO STOXX 50 UCITS ETF EUR Acc";-;"AMUNDI ETF ES50 C";LU1681047236;C50;"Euronext Paris";EUR;175.32;176.04;175.12;175.50;" 17:35";CET;44982;7897441.16;175.50;
"Amundi Core EURO STOXX 50 UCITS ETF EUR Dist";-;"AMUNDI ETF ES50 D";LU1681047319;CD5;"Euronext Paris";EUR;105.64;106.04;105.60;105.84;" 17:29";CET;769;81326.16;105.82;
"Amundi CAC 40 Daily (2x) Leveraged UCITS ETF Acc";-;"AMUNDI ETF LEV CAC";FR0010592014;LVC;"Euronext Paris";EUR;50.36;50.49;50.09;50.40;" 17:35";CET;33305;1676779.93;50.40;
"Amundi MSCI USA Daily (2x) Leveraged UCITS ETF Acc";-;"AMUNDI ETF LEV USA";FR0010755611;CL2;"Euronext Paris";EUR;32.34;32.42;32.22;32.32;" 17:27";CET;22902;739922.355;32.33;
"Amundi LevDax Daily (2x) leveraged UCITS ETF Acc";-;"AMUNDI ETF LEVDAX";LU0252634307;LVD;"Euronext Paris";EUR;282.80;284.10;282.80;283.00;" 17:02";CET;187;53018.05;283.15;
"Amundi Italy MIB ESG UCITS ETF Acc";"ESG ETF art. 8";"AMUNDI ETF MIB";LU1681037518;FMI;"Euronext Paris";EUR;132.74;133.00;132.28;132.30;" 17:00";CET;1495;198060.26;132.28;
"Amundi IBEX 35 UCITS ETF - Acc";-;"AMUNDI ETF MS SPA";FR0010655746;CS1;"Euronext Paris";EUR;519.90;523.80;519.70;521.40;" 17:35";CET;2588;1350333.60;521.40;
"Amundi PEA MSCI USA ESG Selection UCITS ETF - EUR";"ESG ETF art. 8";"AMUNDI ETF MSCI US";LU1681042864;CU2;"Euronext Paris";EUR;835.89;836.22;834.13;834.34;" 17:35";CET;100;83561.82;834.34;
"Amundi MSCI World Swap UCITS ETF EUR Acc";-;"AMUNDI ETF MSCI WR";LU1681043599;CW8;"Euronext Paris";EUR;700.62;701.19;699.44;700.40;" 17:35";CET;5619;3935800.62;700.40;
"Amundi CAC 40 Daily (-1x) Inverse UCITS ETF Acc";-;"AMUNDI ETF SHT CAC";FR0010591362;SHC;"Euronext Paris";EUR;8.972;8.999;8.96;8.971;" 17:35";CET;18952;170173.947;8.971;
"Amundi EURO STOXX 50 Daily (2x) Leveraged UCITS ETF Acc";-;"AMUNDI ETF SX50 DL";FR0010468983;LVE;"Euronext Paris";EUR;91.58;92.36;91.42;91.63;" 17:35";CET;7235;665417.74;91.63;
"Amundi EURO STOXX 50 Daily (-1x) Inverse  UCITS ETF Acc";-;"AMUNDI ETF SX50 DS";FR0010424135;BSX;"Euronext Paris";EUR;6.432;6.432;6.41;6.424;" 15:39";CET;21163;135738.288;6.421;
"Amundi PEA MSCI USA ESG Selection UCITS ETF - USD";"ESG ETF art. 8";"AMUNDI ETF USA-B";LU1681042948;CU2U;"Euronext Paris - Multi-currency Trading";USD;965.09;965.09;965.09;965.09;" 09:04";CET;0;0.00;963.28;
"Amundi MSCI World Swap UCITS ETF USD Acc";-;"AMUNDI ETF WORLD-B";LU1681043672;CW8U;"Euronext Paris - Multi-currency Trading";USD;809.60;809.65;808.08;808.75;" 16:06";CET;40;32363.45;808.91;
"Amundi Euro Stoxx Banks UCITS ETF Acc";-;"AMUNDI EUR STXBNK";LU1829219390;BNKE;"Euronext Paris";EUR;401.10;403.95;400.60;403.60;" 17:35";CET;13342;5380160.90;403.60;
"Amundi S&P Eurozone Climate Paris Aligned UCITS ETF Acc";"ESG ETF art. 8";"AMUNDI EUROZONEPAB";LU2195226068;EPAB;"Euronext Paris";EUR;43.895;44.065;43.81;43.905;" 17:35";CET;3823;167881.91;43.905;
"Amundi MSCI EMU Climate Paris Aligned UCITS ETF Acc";"ESG ETF art. 9";"AMUNDI EURZ CLIMPA";LU2182388582;PABZ;"Euronext Paris";EUR;97.03;97.35;96.71;96.71;" 17:35";CET;813;78809.51;96.71;
"Amundi FTSE MIB UCITS ETF Dist";-;"AMUNDI FTSE MIB";FR0010010827;MIB;"Euronext Paris";EUR;54.98;55.19;54.95;54.95;" 17:35";CET;1936;106470.42;54.95;
"Amundi PEA Inde (MSCI India) UCITS ETF Acc";-;"AMUNDI INDIA PEA";FR0011869320;PINR;"Euronext Paris";EUR;23.335;23.335;23.20;23.20;" 17:35";CET;15065;350795.26;23.20;
"Amundi MSCI EMU SRI Climate Paris Aligned - UCITS ETF DR (C)";"ESG ETF art. 8";"AMUNDI LESE ETF";LU2109787635;LESE;"Euronext Amsterdam - Multi-currency Trading";CHF;104.718;104.718;104.718;104.718;" 09:04";CET;0;0.00;104.422;
"Amundi PEA Emergent EMEA (MSCI Emerging EMEA) ESG Transition UCITS ETF";"ESG ETF art. 8";"AMUNDI MSCI EM PEA";FR0011440478;PLEM;"Euronext Paris";EUR;22.05;22.06;22.00;22.025;" 17:16";CET;5045;111140.92;22.035;
"Amundi MSCI Greece UCITS ETF Dist";-;"AMUNDI MSCI GREECE";FR0010405431;GRE;"Euronext Paris";EUR;2.937;2.937;2.91;2.9235;" 17:19";CET;178583;520462.807;2.92;
"Amundi MSCI World Swap UCITS ETF EUR Dist";-;"Amundi MSCI W Dist";LU2655993207;EWLD;"Euronext Paris";EUR;41.51;41.53;41.44;41.495;" 17:35";CET;14659;608315.855;41.495;
"Amundi Nasdaq-100 Daily (2x) Leveraged UCITS ETF Acc";-;"Amundi NSDQ LEV";FR0010342592;LQQ;"Euronext Paris";EUR;9.786;9.826;9.623;9.686;" 17:35";CET;405273;3957248.783;9.686;
"Amundi PEA Amerique Latine (MSCI Emerging Latin America) Selection UCITS ETF";"ESG ETF art. 8";"AMUNDI PEA EM ALAT";FR0013412004;PALAT;"Euronext Paris";EUR;27.585;27.605;27.315;27.33;" 17:35";CET;52128;1425733.295;27.33;
"Amundi PEA Asie Emergente (MSCI Emerging Asia) Screened UCITS ETF";"ESG ETF art. 8";"AMUNDI PEA EM ASIA";FR0013412012;PAASI;"Euronext Paris";EUR;38.045;38.10;37.74;37.84;" 17:35";CET;39464;1497795.375;37.84;
"Amundi PEA MSCI Europe UCITS ETF Acc";-;"AMUNDI PEA EUROPE";FR0013412038;PCEU;"Euronext Paris";EUR;40.705;40.785;40.63;40.71;" 17:35";CET;19471;792419.31;40.71;
"Amundi PEA Emergent (MSCI Emerging) ESG Transition UCITS ETF";"ESG ETF art. 8";"AMUNDI PEA MSCI EM";FR0013412020;PAEEM;"Euronext Paris";EUR;35.03;35.105;34.81;34.81;" 17:35";CET;132686;4629321.905;34.81;
"Amundi PEA US Tech Screened UCITS ETF - Acc";"ESG ETF art. 8";"AMUNDI PEA NASDAQ";FR0013412269;PANX;"Euronext Paris";EUR;80.46;80.56;79.82;79.82;" 17:35";CET;11432;916313.42;79.82;
"AMUNDI PEA EURO COURT TERME UCITS ETF";-;"AMUNDI PEA OBLI";FR0013346681;OBLI;"Euronext Paris";EUR;9.777;9.778;9.776;9.776;" 17:35";CET;111492;1090018.034;9.776;
"Amundi PEA S&P 500 Screened UCITS ETF - Acc";"ESG ETF art. 8";"AMUNDI PEA SP500";FR0013412285;PE500;"Euronext Paris";EUR;55.93;55.97;55.78;55.83;" 17:35";CET;18210;1018170.49;55.83;
"Amundi PEA S&P 500 Screened UCITS ETF - EUR Hedged Acc";"ESG ETF art. 8";"AMUNDI PEA SP500 H";FR0013412293;P500H;"Euronext Paris";EUR;49.195;49.295;49.11;49.125;" 17:35";CET;9154;450321.14;49.125;
"Amundi PEA Japon (TOPIX) UCITS ETF EUR Acc";-;"AMUNDI PEA TOPIX";FR0013411980;PTPXE;"Euronext Paris";EUR;39.07;39.205;38.95;38.98;" 17:35";CET;7455;291240.72;38.98;
"Amundi PEA Japon (TOPIX) UCITS ETF EUR Hedged Acc";-;"AMUNDI PEA TOPIX H";FR0013411998;PTPXH;"Euronext Paris";EUR;58.95;59.20;58.92;58.92;" 17:35";CET;8608;507854.68;58.92;
"AMUNDI RUSSELL 2000 UCITS ETF - USD";-;"AMUNDI RUSSEL 2000";LU1681038839;RS2U;"Euronext Paris - Multi-currency Trading";USD;455.84;455.95;454.00;454.00;" 17:25";CET;66;30053.38;453.86;
"AMUNDI RUSSELL 2000 UCITS ETF - EUR";-;"AMUNDI RUSSEL 2K";LU1681038672;RS2K;"Euronext Paris";EUR;394.44;394.65;392.66;392.92;" 17:35";CET;792;311772.63;392.92;
"Amundi MSCI EMU Small Cap ESG Broad Transition UCITS ETF DIST";-;"AMUNDI SMALL CAP";LU1598689153;MMS;"Euronext Paris";EUR;449.80;449.80;446.25;446.55;" 17:35";CET;1765;788815.25;446.55;
"Amundi PEA S&P 500 UCITS ETF Acc";-;"AMUNDI SP500 PEA";FR0011871128;PSP5;"Euronext Paris";EUR;59.00;59.07;58.88;58.99;" 17:35";CET;45048;2657387.92;58.99;
"Amundi STOXX Europe 600 Basic Resources UCITS ETF Acc";-;"AMUNDI ST EU BA RE";LU1834983550;BRES;"Euronext Paris";EUR;140.84;141.74;139.90;141.74;" 17:35";CET;15002;2108844.60;141.74;
"Amundi STOXX Europe 600 Healthcare UCITS ETF Acc";-;"AMUNDI ST EU HLTHC";LU1834986900;HLT;"Euronext Paris";EUR;155.68;155.68;154.30;155.40;" 17:35";CET;5289;820349.86;155.40;
"Amundi STOXX Europe 600 Utilities UCITS ETF Acc";-;"AMUNDI ST EU UTILI";LU1834988864;UTI;"Euronext Paris";EUR;104.02;104.32;103.20;103.42;" 17:35";CET;2269;235356.96;103.42;
"Amundi STOXX Europe 600 Insurance UCITS ETF Acc";-;"AMUNDI STX 600 INS";LU1834987973;INS;"Euronext Paris";EUR;97.51;97.70;97.30;97.70;" 16:58";CET;2957;288052.02;97.66;
"Amundi STOXX Europe 600 Banks UCITS ETF Acc";-;"AMUNDI STX EU BANK";LU1834983477;BNK;"Euronext Paris";EUR;74.75;75.13;74.64;75.12;" 17:35";CET;26324;1972358.69;75.12;
"Amundi Stoxx Europe Select Dividend 30 - UCITS ETF Dist";-;"AMUNDI STX EU SDIV";LU1812092168;SEL;"Euronext Paris";EUR;25.17;25.185;25.05;25.15;" 17:35";CET;26746;672323.45;25.15;
"Amundi STOXX Europe 600 Technology UCITS ETF Acc";-;"AMUNDI STX EU TECH";LU1834988518;TNO;"Euronext Paris";EUR;120.90;121.82;120.42;120.42;" 17:35";CET;4131;499878.80;120.42;
"Amundi STOXX Europe 600 Telecommunications UCITS ETF Acc";-;"AMUNDI STX EU TELE";LU1834988609;TELE;"Euronext Paris";EUR;52.62;52.62;51.47;51.54;" 17:29";CET;4043;210289.28;51.51;
"Amundi STOXX Europe 600 Basic Materials UCITS ETF - Acc";-;"AMUNDI STX600 BMAT";LU1834983634;CHM;"Euronext Paris";EUR;209.45;210.05;209.40;209.95;" 17:21";CET;26;5449.45;209.90;
"Amundi STOXX Europe 600 Consumer Staples UCITS ETF Acc";-;"AMUNDI STX600 CONS";LU1834985845;FOO;"Euronext Paris";EUR;96.87;96.87;95.80;96.10;" 17:20";CET;136;13130.34;96.19;
"Amundi STOXX Europe 600 Industrials UCITS ETF Acc";-;"AMUNDI STX600 INDU";LU1834987890;IND;"Euronext Paris";EUR;158.00;159.28;157.90;159.28;" 17:35";CET;327;51755.34;159.28;
"Amundi STOXX Europe 600 Consumer Discretionary UCITS ETF Acc";-;"AMUNDI STX600 TRAV";LU1834988781;TRV;"Euronext Paris";EUR;27.44;27.585;27.36;27.36;" 16:11";CET;688;18914.38;27.485;
"Amundi PEA Eau (MSCI Water) UCITS ETF - Capi";-;"AMUNDI W WATER PEA";FR0011882364;AWAT;"Euronext Paris";EUR;32.86;32.92;32.625;32.90;" 17:39";CET;7008;229813.35;32.90;
"AMUNDI CAC 40 ESG UCITS ETF Dist";"ESG ETF art. 8";"AMUNDIETF CAC40(D)";LU1681047079;C4D;"Euronext Paris";EUR;89.36;89.42;89.14;89.19;" 16:45";CET;993;88667.45;89.31;
"BNP Paribas Easy MSCI Emerging SRI PAB UCITS ETF";"ESG ETF art. 9";"BNP EM SRI PAB ED";LU1659681313;EISR;"Euronext Paris";EUR;127.51;127.51;127.51;127.51;" 09:04";CET;0;0.00;127.22;
"BNP PARIBAS EASY Bloomberg Europe Defense";-;BNPETFBSHIELXPAR;LU3047998896;GUARD;"Euronext Paris";EUR;12.144;12.256;12.094;12.232;" 17:35";CET;36645;446369.93;12.232;
"BNP Paribas Easy MSCI EMU UCITS ETF";-;BNPETFM7EMXPAR;LU3215536486;EUZON;"Euronext Paris";EUR;11.09;11.10;11.09;11.10;" 09:44";CET;72;799.20;11.092;
"BNP Paribas Easy EUR Overnight PEA UCITS ETF";-;BNPETFSOESTRXPAR;LU3215541056;OVNI;"Euronext Paris";EUR;10.0859;10.0999;10.0844;10.0859;" 16:42";CET;7345;74086.848;10.0862;
"BNP Paribas EASY CAC 40(R) ESG UCITS ETF";"ESG ETF art. 8";"BNPP CAC 40 ESG";FR0010150458;E40;"Euronext Paris";EUR;14.16;14.164;14.10;14.148;" 17:35";CET;2221;31425.164;14.148;
"BNP PARIBAS EASY MSCI EMU Min TE [UCITS ETF, C]";"ESG ETF art. 8";"BNPP EMU ESG ETF";LU1291098827;EEMU;"Euronext Paris";EUR;21.15;21.23;21.135;21.135;" 17:35";CET;10391;219664.155;21.135;
"BNP Paribas Easy MSCI EMU SRI PAB UCITS ETF";"ESG ETF art. 9";"BNPP EMU SRI PAB";LU1953137681;MUSRI;"Euronext Paris";EUR;19.5059;19.5761;19.459;19.459;" 17:35";CET;3386;66018.3798;19.459;
"BNP Paribas Easy Dividend Europe";"ESG ETF art. 8";"BNPP EQDEU ESG";LU1615090864;EDEU;"Euronext Paris";EUR;201.60;201.60;200.95;201.10;" 17:22";CET;200;40273.15;201.00;
"BNP PARIBAS EASY Growth Europe [UCITS ETF, C]";"ESG ETF art. 8";"BNPP ESGGrowth ETF";LU2244387887;EGRO;"Euronext Paris";EUR;12.112;12.12;12.112;12.12;" 09:37";CET;499;6047.88;12.092;
"BNP Paribas Easy EURO STOXX 50 UCITS ETF EUR Capitalisation";-;"BNPP EUROSTOXX50 C";FR0012739431;ETDD;"Euronext Paris";EUR;21.505;21.59;21.49;21.51;" 17:35";CET;16308;350824.67;21.51;
"BNP Paribas Easy EURO STOXX 50 UCITS ETF EUR Distribution";-;"BNPP EURSTOX50 C/D";FR0012740983;ETBB;"Euronext Paris";EUR;16.152;16.216;16.142;16.168;" 17:35";CET;2784;44998.226;16.168;
"BNP PARIBAS EASY Low Vol Europe [UCITS ETF, C]";"ESG ETF art. 8";"BNPP LowVol EU ESG";LU1377381717;EVOE;"Euronext Paris";EUR;227.35;227.35;226.40;226.55;" 17:35";CET;172;39019.70;226.55;
"BNP Paribas Easy Low Vol Europe";"ESG ETF art. 8";"BNPP LWVOLEU ESG";LU1481201025;VLED;"Euronext Paris";EUR;173.82;173.82;173.82;173.82;" 09:04";CET;2;347.64;173.58;
"BNP PARIBAS EASY Quality Europe [UCITS ETF, C]";"ESG ETF art. 8";"BNPP Quali EU ESG";LU1377382103;EQUA;"Euronext Paris";EUR;210.30;210.75;209.90;209.90;" 17:35";CET;204;42872.50;209.90;
"BNP Paribas Easy Quality Europe";"ESG ETF art. 8";"BNPP QUALITYD ESG";LU1481201611;QUED;"Euronext Paris";EUR;159.50;159.50;159.32;159.32;" 15:57";CET;2;318.64;159.30;
"BNP Paribas Easy S&P 500 UCITS ETF EUR Capitalisation";-;"BNPP SP500 EUR C";FR0011550185;ESE;"Euronext Paris";EUR;34.0353;34.0717;33.9606;34.0253;" 17:35";CET;114414;3892859.071;34.0253;
"BNP Paribas Easy S&P 500 UCITS ETF EUR Hedged Capitalisation";-;"BNPP SP500 EURH C";FR0013041530;ESEH;"Euronext Paris";EUR;24.786;24.8123;24.7275;24.7591;" 17:35";CET;23215;575002.2745;24.7591;
"BNP Paribas Easy S&P 500 UCITS ETF USD Capitalisation";-;"BNPP SP500 USD C";FR0011550177;ESD;"Euronext Paris - Multi-currency Trading";USD;31.4213;31.4479;31.355;31.3904;" 17:35";CET;60124;1886804.6011;31.3904;
"BNP Paribas Easy S&P 500 UCITS ETF USD Capitalisation / Distribution";-;"BNPP SP500 USD CD";FR0011550680;ESDD;"Euronext Paris - Multi-currency Trading";USD;28.1357;28.1619;28.0742;28.1186;" 17:13";CET;8120;228217.3104;28.1181;
"BNP Paribas Easy Stoxx Europe 600 UCITS ETF Capitalisation";-;"BNPP Stoxx 600C";FR0011550193;ETZ;"Euronext Paris";EUR;21.76;21.805;21.705;21.745;" 17:35";CET;83104;1807640.705;21.745;
"BNP Paribas Easy Stoxx Europe 600 UCITS ETF Capitalisation / Distribution";-;"BNPP Stoxx 600CD";FR0011550672;ETZD;"Euronext Paris";EUR;19.022;19.064;18.98;19.02;" 17:35";CET;37728;717897.356;19.02;
"BNP PARIBAS EASY Value Europe [UCITS ETF, C]";"ESG ETF art. 8";"BNPP Value EU ESG";LU1377382285;EVAE;"Euronext Paris";EUR;212.55;212.55;211.70;211.95;" 17:35";CET;55;11676.15;211.95;
"BNP Paribas Easy Value Europe";"ESG ETF art. 8";"BNPP VALUED ESG";LU1481201702;VALD;"Euronext Paris";EUR;138.08;138.08;138.06;138.06;" 14:15";CET;1;138.06;137.60;
"CM-AM Euro Stoxx 50 UCITS ETF";-;CMAETFSX5TXPAR;FR001400XS96;CM5E;"Euronext Paris";EUR;123.22;123.76;123.20;123.32;" 17:35";CET;4606;568214.20;123.32;
"iShares Core DAX UCITS ETF EUR (Acc)";-;"Core DAX Acc";DE0005933931;EXS1;"Euronext Amsterdam";EUR;217.20;217.95;216.90;216.90;" 16:11";CET;1288;280175.30;217.20;
"iShares Diversified Commodity Swap UCITS ETF (DE)";-;"DIVERS COMMODITY";DE000A0H0728;EXXY;"Euronext Amsterdam - Multi-currency Trading";USD;38.76;39.30;38.76;39.30;" 17:35";CET;2214;86447.38;39.30;
"iShares EURO STOXX Banks 30-15 UCITS ETF (DE) EUR (Acc)";-;"ESTX Bk 30-15 EU A";DE000A2QP372;EXA1;"Euronext Amsterdam";EUR;21.20;21.365;21.19;21.355;" 17:35";CET;59384;1264613.815;21.355;
"iShares EURO STOXX Select Dividend 30 UCITS ETF (DE) EUR (Acc)";-;"ESTX Div 30 EU A";DE000A2QP380;IDVA;"Euronext Amsterdam";EUR;8.456;8.456;8.427;8.444;" 17:35";CET;63783;538471.363;8.444;
"Exane Funds 2 - Exane Equity Select Focus Euro - UCITS ETF";"ESG ETF art. 8";EXAActEXSEXPAR;LU3243965608;EXSE;"Euronext Paris";EUR;118.42;118.42;118.42;118.42;" 09:04";CET;-;-;119.00;
"First Trust Eurozone Alphadex UCITS ETF";-;"FIRST EUROALPHADEX";IE00B8X9NY41;FEUZ;"Euronext Amsterdam";EUR;66.46;66.46;66.35;66.37;" 17:35";CET;150;9962.03;66.37;
"OFI INVEST EMU EQUITY ACTIVE UCITS ETF";"ESG ETF art. 8";GLOActOFIEUXPAR;LU3174346000;OFIEU;"Euronext Paris";EUR;5.994;5.994;5.994;5.994;" 11:05";CET;66;395.604;5.996;
"HSBC EURO STOXX 50 ETF";-;"HSBC EUROSTX50 ETF";IE00B4K6B022;50E;"Euronext Paris";EUR;68.70;68.96;68.69;68.75;" 17:35";CET;2929;201607.05;68.75;
"Indépendance AM Europe Mid UCITS ETF E (C) EUR";"ESG ETF art. 8";INDActIEMIDXPAR;LU3195985372;IEMID;"Euronext Paris";EUR;117.08;119.42;116.24;116.36;" 17:19";CET;729;85238.36;116.34;
"iShares Diversified Commodity Swap UCITS ETF (DE)";-;"iS Div Comm Swp DE";DE000A0H0728;CMSE;"Euronext Paris";EUR;33.63;34.045;33.525;34.03;" 17:28";CET;3853;130007.335;34.02;
"iShares STOXX Europe 600 Automobiles Parts UCITS ETF (DE) EUR (Acc)";-;"ISH STX 600 A&P EU";DE000A2QP4A8;SAOT;"Euronext Amsterdam";EUR;4.8035;4.8035;4.77;4.77;" 16:05";CET;1871;8945.1275;4.7945;
"iShares STOXX Europe 600 Technology UCITS ETF (DE) EUR (Acc)";-;"ISH STX 600 Tch EU";DE000A2QP398;STEC;"Euronext Amsterdam";EUR;7.984;8.036;7.949;7.949;" 17:35";CET;19938;159693.749;7.949;
"iShares MSCI World Swap PEA UCITS ETF EUR (Acc)";-;"iSh Wld Swp PEA EU";IE0002XZSHO1;WPEA;"Euronext Paris";EUR;7.057;7.065;7.047;7.056;" 17:35";CET;1298350;9161224.801;7.056;
"iShares Core MSCI EMU UCITS ETF USD Hedged (Acc)";-;"ISHARES EMU USD H";IE00BKBF6616;CEUU;"Euronext Amsterdam - Multi-currency Trading";USD;12.938;12.996;12.934;12.94;" 17:35";CET;11897;154058.876;12.94;
"iShares Core EURO STOXX 50 UCITS ETF EUR (Dist)";-;"ISHARES EURO STX50";IE0008471009;EUEA;"Euronext Amsterdam";EUR;67.11;67.40;67.06;67.14;" 17:35";CET;16974;1140078.89;67.14;
"iShares MSCI EMU SRI UCITS ETF EUR (Acc)";"ESG ETF art. 8";"ISHARES EUSR ACC";IE00BJLKK341;SMUA;"Euronext Amsterdam";EUR;9.614;9.628;9.584;9.599;" 16:45";CET;1653;15889.059;9.597;
"iShares MSCI World Swap PEA UCITS ETF EUR Hedged (Acc)";-;ISHETFMSDEWIXPAR;IE00055B2JD3;WPEH;"Euronext Paris";EUR;5.861;5.872;5.85;5.859;" 17:25";CET;12193;71523.771;5.857;
"iShares € Short Term Swap PEA ETF";-;ISHETFSEST85XPAR;IE000I4R3252;EPEA;"Euronext Paris";EUR;5.073;5.073;5.073;5.073;" 09:04";CET;60;304.38;5.072;
"iShares S&P 500 Swap PEA UCITS ETF EUR (Acc)";-;ISHETFSP500XPAR;IE000DQLYVB9;SPEA;"Euronext Paris";EUR;6.516;6.523;6.504;6.513;" 17:35";CET;26673;173747.902;6.513;
"iShares Core EURO STOXX 50 UCITS ETF EUR (Acc)";-;"iSHR ESTX50 B A";IE00B53L3W79;CSX5;"Euronext Amsterdam";EUR;254.65;255.75;254.40;254.95;" 17:36";CET;3284;836941.65;254.95;
"iShares Core MSCI EMU UCITS ETF";-;"iSHR MSCI EMUSC";IE00B53QG562;CEMU;"Euronext Amsterdam";EUR;252.06;252.99;251.74;251.86;" 17:07";CET;1339;337666.85;252.04;
"iShares MSCI EMU Paris-Aligned Climate UCITS ETF EUR (Acc)";"ESG ETF art. 9";"MSCI EMU Prs-Alg A";IE00BL6K8D99;EMPA;"Euronext Amsterdam";EUR;7.548;7.566;7.53;7.53;" 16:56";CET;3291;24851.868;7.531;
"iShares MSCI EMU Paris-Aligned Climate UCITS ETF EUR (Dist)";"ESG ETF art. 9";"MSCI EMU Prs-Alg D";IE000FOSCLU1;MPAB;"Euronext Amsterdam";EUR;6.804;6.812;6.776;6.776;" 17:35";CET;762;5179.796;6.776;
"iShares MSCI France UCITS ETF EUR (Acc)";-;"MSCI France Acc";IE00BP3QZJ36;IFRE;"Euronext Amsterdam";EUR;68.87;68.93;68.67;68.83;" 17:35";CET;464;31932.96;68.83;
"Amundi CAC 40 UCITS ETF S - Acc";-;MULETFC40TRIXPAR;FR001400ZGQ9;CA40;"Euronext Paris";EUR;5.80;5.805;5.781;5.789;" 16:12";CET;1519;8804.751;5.80;
"Amundi European Strategic Autonomy UCITS ETF Acc";-;MULETFEUSTAUXPAR;LU3180074463;INDEP;"Euronext Paris";EUR;5.984;5.995;5.965;5.965;" 17:35";CET;9589;57336.237;5.965;
"Amundi MDAX UCITS ETF Dist";-;MULETFMDAXNRXPAR;FR0011857234;MDX;"Euronext Paris";EUR;152.74;152.74;151.92;151.92;" 17:28";CET;20;3042.50;151.84;
"Amundi EURO STOXX 50 II UCITS ETF S - Acc";-;MULETFSX5TXPAR;FR001400ZGP1;MSES;"Euronext Paris";EUR;6.252;6.274;6.25;6.265;" 16:50";CET;3407;21306.79;6.261;
"Amundi Nasdaq-100 Daily (-1x) Inverse UCITS ETF Acc";-;MULSTRM004USXPAR;LU1327051279;DSP5;"Euronext Paris";EUR;4.606;4.631;4.59;4.631;" 17:35";CET;8085;37297.6425;4.631;
"Amundi MSCI World (2x) Leveraged UCITS ETF Acc";-;MULStrMXWOLDXPAR;FR0014010HV4;LWLD;"Euronext Paris";EUR;5.637;5.647;5.618;5.637;" 17:29";CET;58839;331476.999;5.631;
"Ossiam Bloomberg Eurozone PAB NR - UCITS ETF 1C (EUR)";"ESG ETF art. 9";"Os BLM (EUR)";LU1847674733;OP2E;"Euronext Paris";EUR;193.20;193.74;193.16;193.74;" 14:28";CET;26;5024.36;192.70;
"Ossiam Bloomberg Asia Pacific ex Japan PAB NR - UCITS ETF 1C (EUR)";"ESG ETF art. 9";"Os BLM ASIA P(EUR)";LU2491210618;OP6E;"Euronext Paris";EUR;138.7269;139.3493;138.7269;139.3493;" 14:16";CET;1;139.3493;138.858;
"Ossiam Bloomberg Europe ex Eurozone PAB NR - UCITS ETF 1C (EUR)";"ESG ETF art. 9";"Os BLM EX (EUR)";LU1655103486;OP4E;"Euronext Paris";EUR;199.7383;199.7383;199.7383;199.7383;" 09:04";CET;0;0.00;199.6172;
"Ossiam Bloomberg Japan PAB NR - UCITS ETF 1C (EUR)";"ESG ETF art. 9";"Os BLM JAP (Eur)";LU1655103643;OP5E;"Euronext Paris";EUR;190.6309;191.6834;190.6309;191.6834;" 09:08";CET;2;383.3668;190.2991;
"Ossiam Bloomberg Japan PAB NR - UCITS ETF H1C (EUR HEDGED)";"ESG ETF art. 9";"Os BLM JAP (HDG)";LU1655103726;OP5H;"Euronext Paris";EUR;269.2532;270.3513;269.2532;270.3513;" 14:10";CET;4;1081.4052;269.7476;
"OSSIAM CAC 40 NR - UCITS ETF 1C (EUR)";-;OSSETFCACNRXPAR;LU3046617802;0CAC;"Euronext Paris";EUR;115.48;115.60;115.18;115.54;" 17:03";CET;725;83756.60;115.50;
"Ossiam MSCI EMU - UCITS ETF 1C (EUR)";-;OSSETFSEMUIMXPAR;LU3078637314;0EMU;"Euronext Paris";EUR;124.48;124.94;124.40;124.48;" 17:28";CET;1651;205933.24;124.42;
"OSSIAM Shiller Barclays CAPE Europe Sector Value TR";-;"OSSIAM ETF CAPE EU";LU1079842321;CAPE;"Euronext Paris";EUR;678.60;678.60;675.00;677.10;" 17:02";CET;185;125287.60;677.80;
"OSSIAM STOXX(R) EUROPE 600 EQUAL WEIGHT NR UCITS ETF 1C (EUR)";-;"OSSIAM EURP EQUI W";LU0599613147;S6EW;"Euronext Paris";EUR;161.34;161.34;160.80;160.80;" 12:25";CET;112;18036.44;160.64;
"State Street SPDR S&P  Euro Dividend Aristocrats UCITS ETF (Dist)";-;"SPDR EUR DIV ARIST";IE00B5M1WJ87;EUDV;"Euronext Paris";EUR;31.10;31.10;30.925;30.985;" 17:35";CET;4760;147810.33;30.985;
"UBS Core EURO STOXX 50 UCITS ETF";-;"UBS ETF E50EUA";LU0136234068;UIM1;"Euronext Amsterdam";EUR;66.84;67.07;66.84;67.07;" 15:09";CET;5;334.78;66.98;
"UBS MSCI EMU Socially Responsible UCITS ETF EUR dis";"ESG ETF art. 8";"UBS ETF ESREUA";LU0629460675;UIMR;"Euronext Amsterdam";EUR;150.40;150.40;150.38;150.40;" 15:02";CET;277;41655.80;150.22;
"Vanguard FTSE Eurozone UCITS ETF EUR Distributing";-;VANETFAWNT07XAMS;IE000VH3JSL8;VEZI;"Euronext Amsterdam";EUR;5.512;5.512;5.503;5.506;" 16:08";CET;7605;41859.76;5.512;
"Vanguard FTSE Eurozone UCITS ETF EUR Accumulating";-;VANETFAWNT07XAMS;IE000Q4J3CW6;VEZU;"Euronext Amsterdam";EUR;5.53;5.53;5.53;5.53;" 09:04";CET;45;248.85;5.529;
"Vanguard FTSE Developed Europe Small-Cap UCITS ETF EUR Distributing";-;VANETFSCDEUNXAMS;IE000K7PC2G4;VESD;"Euronext Amsterdam";EUR;5.256;5.256;5.256;5.256;" 09:04";CET;0;0.00;5.233;
"Vanguard FTSE Developed Europe Small-Cap UCITS ETF EUR Accumulating";-;VANETFSCDEUNXAMS;IE00069H3LK0;VESC;"Euronext Amsterdam";EUR;5.279;5.279;5.279;5.279;" 09:04";CET;0;0.00;5.257;
"Vanguard FTSE Developed Europe ex UK UCITS ETF";-;"VANGUARD FTSE DE";IE00BKX55S42;VERX;"Euronext Amsterdam, Paris";EUR;51.40;51.55;51.31;51.33;" 17:15";CET;30544;1570809.33;51.39;
"WisdomTree Europe Infrastructure UCITS ETF - EUR Acc";-;WISETFWTEUBLXPAR;IE000AFVONT7;WBLD;"Euronext Paris";EUR;26.87;27.005;26.87;26.905;" 15:29";CET;120;3234.60;26.715;
"WisdomTree Eurozone Efficient Core UCITS ETF - EUR Acc";-;WISETFWTNTSZXPAR;IE000OV4XWA3;NTSZ;"Euronext Paris";EUR;29.35;29.41;29.26;29.41;" 17:35";CET;178;5220.12;29.41;
