isin,name,asset_class,ter,currency,use_of_profit,url
IE00BZ1BS790,Xtrackers MSCI World UCITS ETF 2D GBP Hedged,Actions,"0,14",GBP,Distribution,https://etf.dws.com/fr-fr/IE00BZ1BS790-msci-world-ucits-etf-2d-gbp-hedged/
IE00BJ0KDQ92,Xtrackers MSCI World UCITS ETF 1C,Actions,"0,12",USD,Capitalisation,https://etf.dws.com/fr-fr/IE00BJ0KDQ92-msci-world-ucits-etf-1c/
IE000ONQ3X90,Xtrackers MSCI World UCITS ETF 2C - EUR Hedged,Actions,"0,14",EUR,Capitalisation,https://etf.dws.com/fr-fr/IE000ONQ3X90-msci-world-ucits-etf-2c-eur-hedged/
IE00BK1PV551,Xtrackers MSCI World UCITS ETF 1D,Actions,"0,12",USD,Distribution,https://etf.dws.com/fr-fr/IE00BK1PV551-msci-world-ucits-etf-1d/
IE0009KLWT21,Xtrackers MSCI World UCITS ETF 3C - CHF Hedged,Actions,"0,14",CHF,Capitalisation,https://etf.dws.com/fr-fr/IE0009KLWT21-msci-world-ucits-etf-3c-chf-hedged/
LU0290358497,Xtrackers II EUR Overnight Rate Swap UCITS ETF 1C,Obligations,"0,10",EUR,Capitalisation,https://etf.dws.com/fr-fr/LU0290358497-eur-overnight-rate-swap-ucits-etf-1c/
LU0335044896,Xtrackers II EUR Overnight Rate Swap UCITS ETF 1D,Obligations,"0,10",EUR,Distribution,https://etf.dws.com/fr-fr/LU0335044896-eur-overnight-rate-swap-ucits-etf-1d/
IE0002EI5AG0,Xtrackers S&P 500 Equal Weight UCITS ETF 2C EUR Hedged,Actions,"0,30",EUR,Capitalisation,https://etf.dws.com/fr-fr/IE0002EI5AG0-s-p-500-equal-weight-ucits-etf-2c-eur-hedged/
IE00BLNMYC90,Xtrackers S&P 500 Equal Weight UCITS ETF 1C,Actions,"0,15",USD,Capitalisation,https://etf.dws.com/fr-fr/IE00BLNMYC90-s-p-500-equal-weight-ucits-etf-1c/
IE000N5GJDD7,Xtrackers S&P 500 Equal Weight UCITS ETF 1D GBP Hedged,Actions,"0,17",GBP,Distribution,https://etf.dws.com/fr-fr/IE000N5GJDD7-s-p-500-equal-weight-ucits-etf-1d-gbp-hedged/
IE000CXLGK86,Xtrackers S&P 500 Equal Weight UCITS ETF 2D,Actions,"0,15",USD,Distribution,https://etf.dws.com/fr-fr/IE000CXLGK86-s-p-500-equal-weight-ucits-etf-2d/
LU0274208692,Xtrackers MSCI World Swap UCITS ETF 1C,Actions,"0,45",USD,Capitalisation,https://etf.dws.com/fr-fr/LU0274208692-msci-world-swap-ucits-etf-1c/
LU0659579733,Xtrackers MSCI World Swap UCITS ETF 4C EUR Hedged,Actions,"0,39",EUR,Capitalisation,https://etf.dws.com/fr-fr/LU0659579733-msci-world-swap-ucits-etf-4c-eur-hedged/
LU3353962601,Xtrackers MSCI World Swap UCITS ETF IC EUR Unlisted,Actions,"0,04",EUR,Capitalisation,https://etf.dws.com/fr-fr/LU3353962601-msci-world-swap-ucits-etf-ic-eur-unlisted/
LU2263803533,Xtrackers MSCI World Swap UCITS ETF 1D,Actions,"0,19",USD,Distribution,https://etf.dws.com/fr-fr/LU2263803533-msci-world-swap-ucits-etf-1d/
IE00BK1PV445,Xtrackers MSCI USA UCITS ETF 1D,Actions,"0,03",USD,Distribution,https://etf.dws.com/fr-fr/IE00BK1PV445-msci-usa-ucits-etf-1d/
IE00BG04M077,Xtrackers MSCI USA UCITS ETF 2C - EUR Hedged,Actions,"0,08",EUR,Capitalisation,https://etf.dws.com/fr-fr/IE00BG04M077-msci-usa-ucits-etf-2c-eur-hedged/
IE00BG04LZ52,Xtrackers MSCI USA UCITS ETF 3C - CHF Hedged,Actions,"0,08",CHF,Capitalisation,https://etf.dws.com/fr-fr/IE00BG04LZ52-msci-usa-ucits-etf-3c-chf-hedged/
IE00BJ0KDR00,Xtrackers MSCI USA UCITS ETF 1C,Actions,"0,03",USD,Capitalisation,https://etf.dws.com/fr-fr/IE00BJ0KDR00-msci-usa-ucits-etf-1c/
LU0380865021,Xtrackers Euro Stoxx 50 UCITS ETF 1C,Actions,"0,09",EUR,Capitalisation,https://etf.dws.com/fr-fr/LU0380865021-euro-stoxx-50-ucits-etf-1c/
LU0274211217,Xtrackers Euro Stoxx 50 UCITS ETF 1D,Actions,"0,09",EUR,Distribution,https://etf.dws.com/fr-fr/LU0274211217-euro-stoxx-50-ucits-etf-1d/
IE00BTJRMP35,Xtrackers MSCI Emerging Markets UCITS ETF 1C,Actions,"0,18",USD,Capitalisation,https://etf.dws.com/fr-fr/IE00BTJRMP35-msci-emerging-markets-ucits-etf-1c/
IE000GWA2J58,Xtrackers MSCI Emerging Markets UCITS ETF 1D,Actions,"0,18",USD,Distribution,https://etf.dws.com/fr-fr/IE000GWA2J58-msci-emerging-markets-ucits-etf-1d/
LU1184092051,Xtrackers MSCI Europe UCITS ETF 2C USD Hedged,Actions,"0,30",USD,Capitalisation,https://etf.dws.com/fr-fr/LU1184092051-msci-europe-ucits-etf-2c-usd-hedged/
LU1242369327,Xtrackers MSCI Europe UCITS ETF 1D,Actions,"0,12",USD,Distribution,https://etf.dws.com/fr-fr/LU1242369327-msci-europe-ucits-etf-1d/
LU3184977299,Xtrackers MSCI Europe UCITS ETF IC EUR Unlisted,Actions,"0,06",EUR,Capitalisation,https://etf.dws.com/fr-fr/LU3184977299-msci-europe-ucits-etf-ic-eur-unlisted/
LU0274209237,Xtrackers MSCI Europe UCITS ETF 1C,Actions,"0,12",USD,Capitalisation,https://etf.dws.com/fr-fr/LU0274209237-msci-europe-ucits-etf-1c/
LU2009147757,Xtrackers S&P 500 Swap UCITS ETF 1D,Actions,"0,07",USD,Distribution,https://etf.dws.com/fr-fr/LU2009147757-s-p-500-swap-ucits-etf-1d/
LU0490618542,Xtrackers S&P 500 Swap UCITS ETF 1C,Actions,"0,15",USD,Capitalisation,https://etf.dws.com/fr-fr/LU0490618542-s-p-500-swap-ucits-etf-1c/
LU3353962783,Xtrackers S&P 500 Swap UCITS ETF IC EUR Unlisted,Actions,"0,05",EUR,Capitalisation,https://etf.dws.com/fr-fr/LU3353962783-s-p-500-swap-ucits-etf-ic-eur-unlisted/
LU2196473016,Xtrackers S&P 500 Swap UCITS ETF 7C GBP Hedged,Actions,"0,20",GBP,Capitalisation,https://etf.dws.com/fr-fr/LU2196473016-s-p-500-swap-ucits-etf-7c-gbp-hedged/
LU2196472984,Xtrackers S&P 500 Swap UCITS ETF 5C EUR Hedged,Actions,"0,20",EUR,Capitalisation,https://etf.dws.com/fr-fr/LU2196472984-s-p-500-swap-ucits-etf-5c-eur-hedged/
IE00BFMNPS42,Xtrackers MSCI USA ESG UCITS ETF 1C,Actions,"0,15",USD,Capitalisation,https://etf.dws.com/fr-fr/IE00BFMNPS42-msci-usa-esg-ucits-etf-1c/
IE000UMV0L21,Xtrackers MSCI USA ESG UCITS ETF 1D,Actions,"0,15",USD,Distribution,https://etf.dws.com/fr-fr/IE000UMV0L21-msci-usa-esg-ucits-etf-1d/
IE0000MMQ5M5,Xtrackers MSCI USA ESG UCITS ETF 2C EUR Hedged,Actions,"0,20",EUR,Capitalisation,https://etf.dws.com/fr-fr/IE0000MMQ5M5-msci-usa-esg-ucits-etf-2c-eur-hedged/
LU2581375073,Xtrackers MSCI USA Swap UCITS ETF 1D,Actions,"0,07",USD,Distribution,https://etf.dws.com/fr-fr/LU2581375073-msci-usa-swap-ucits-etf-1d/
LU0274210672,Xtrackers MSCI USA Swap UCITS ETF 1C,Actions,"0,15",USD,Capitalisation,https://etf.dws.com/fr-fr/LU0274210672-msci-usa-swap-ucits-etf-1c/
IE00BGV5VN51,Xtrackers Artificial Intelligence & Big Data UCITS ETF 1C,Actions,"0,35",USD,Capitalisation,https://etf.dws.com/fr-fr/IE00BGV5VN51-artificial-intelligence-big-data-ucits-etf-1c/
LU0274209740,Xtrackers MSCI Japan UCITS ETF 1C,Actions,"0,12",USD,Capitalisation,https://etf.dws.com/fr-fr/LU0274209740-msci-japan-ucits-etf-1c/
LU0659580079,Xtrackers MSCI Japan UCITS ETF 4C EUR Hedged,Actions,"0,40",EUR,Capitalisation,https://etf.dws.com/fr-fr/LU0659580079-msci-japan-ucits-etf-4c-eur-hedged/
LU0927735406,Xtrackers MSCI Japan UCITS ETF 2D USD Hedged,Actions,"0,40",USD,Distribution,https://etf.dws.com/fr-fr/LU0927735406-msci-japan-ucits-etf-2d-usd-hedged/
LU1215827756,Xtrackers MSCI Japan UCITS ETF 7C CHF Hedged,Actions,"0,25",CHF,Capitalisation,https://etf.dws.com/fr-fr/LU1215827756-msci-japan-ucits-etf-7c-chf-hedged/
LU2581375230,Xtrackers MSCI Japan UCITS ETF 1D,Actions,"0,12",USD,Distribution,https://etf.dws.com/fr-fr/LU2581375230-msci-japan-ucits-etf-1d/
LU1349386927,Xtrackers DAX UCITS ETF 1D,Actions,"0,09",EUR,Distribution,https://etf.dws.com/fr-fr/LU1349386927-dax-ucits-etf-1d/
LU0274211480,Xtrackers DAX UCITS ETF 1C,Actions,"0,09",EUR,Capitalisation,https://etf.dws.com/fr-fr/LU0274211480-dax-ucits-etf-1c/
IE000Z0FC0G5,Xtrackers MSCI World ex USA UCITS ETF 1D,Actions,"0,15",USD,Distribution,https://etf.dws.com/fr-fr/IE000Z0FC0G5-msci-world-ex-usa-ucits-etf-1d/
IE0006WW1TQ4,Xtrackers MSCI World ex USA UCITS ETF 1C,Actions,"0,15",USD,Capitalisation,https://etf.dws.com/fr-fr/IE0006WW1TQ4-msci-world-ex-usa-ucits-etf-1c/
IE00BZ02LR44,Xtrackers MSCI World ESG UCITS ETF 1C,Actions,"0,20",USD,Capitalisation,https://etf.dws.com/fr-fr/IE00BZ02LR44-msci-world-esg-ucits-etf-1c/
IE00BMY76136,Xtrackers MSCI World ESG UCITS ETF 2C EUR Hedged,Actions,"0,25",EUR,Capitalisation,https://etf.dws.com/fr-fr/IE00BMY76136-msci-world-esg-ucits-etf-2c-eur-hedged/
IE000E4BATC9,Xtrackers MSCI World ESG UCITS ETF 1D,Actions,"0,20",USD,Distribution,https://etf.dws.com/fr-fr/IE000E4BATC9-msci-world-esg-ucits-etf-1d/
IE00BGHQ0G80,Xtrackers MSCI AC World Screened UCITS ETF 1C,Actions,"0,25",EUR,Capitalisation,https://etf.dws.com/fr-fr/IE00BGHQ0G80-msci-ac-world-screened-ucits-etf-1c/
IE000VXC51U5,Xtrackers MSCI AC World Screened UCITS ETF 2C EUR Hedged,Actions,"0,37",EUR,Capitalisation,https://etf.dws.com/fr-fr/IE000VXC51U5-msci-ac-world-screened-ucits-etf-2c-eur-hedged/
IE000WGF1X01,Xtrackers MSCI AC World Screened UCITS ETF 5C USD Hedged,Actions,"0,37",USD,Capitalisation,https://etf.dws.com/fr-fr/IE000WGF1X01-msci-ac-world-screened-ucits-etf-5c-usd-hedged/
LU0328475792,Xtrackers Stoxx Europe 600 UCITS ETF 1C,Actions,"0,20",EUR,Capitalisation,https://etf.dws.com/fr-fr/LU0328475792-stoxx-europe-600-ucits-etf-1c/
LU1772333404,Xtrackers Stoxx Europe 600 UCITS ETF 2C - EUR Hedged,Actions,"0,25",EUR,Capitalisation,https://etf.dws.com/fr-fr/LU1772333404-stoxx-europe-600-ucits-etf-2c-eur-hedged/
LU3353962940,Xtrackers Stoxx Europe 600 UCITS ETF IC EUR Unlisted,Actions,"0,07",EUR,--,https://etf.dws.com/fr-fr/LU3353962940-stoxx-europe-600-ucits-etf-ic-eur-unlisted/
LU2581375156,Xtrackers Stoxx Europe 600 UCITS ETF 1D,Actions,"0,07",EUR,Distribution,https://etf.dws.com/fr-fr/LU2581375156-stoxx-europe-600-ucits-etf-1d/
DE000A2T0VU5,Xtrackers IE Physical Gold ETC Securities,Métaux précieux,"0,11",USD,--,https://etf.dws.com/fr-fr/etc/DE000A2T0VU5-xtrackers-ie-physical-gold-etc-securities/
IE00BM67HT60,Xtrackers MSCI World Information Technology UCITS ETF 1C,Actions,"0,25",USD,Capitalisation,https://etf.dws.com/fr-fr/IE00BM67HT60-msci-world-information-technology-ucits-etf-1c/
IE000FO05UG4,Xtrackers S&P 500 Swap II UCITS ETF 1D,Actions,"0,05",USD,Distribution,https://etf.dws.com/fr-fr/IE000FO05UG4-s-p-500-swap-ii-ucits-etf-1d/
IE000HY30YW6,Xtrackers S&P 500 Swap II UCITS ETF 1C,Actions,"0,04",USD,Capitalisation,https://etf.dws.com/fr-fr/IE000HY30YW6-s-p-500-swap-ii-ucits-etf-1c/
LU0478205965,Xtrackers II EUR Corporate Bond UCITS ETF 1D,Obligations,"0,09",EUR,Distribution,https://etf.dws.com/fr-fr/LU0478205965-eur-corporate-bond-ucits-etf-1d/
LU0478205379,Xtrackers II EUR Corporate Bond UCITS ETF 1C,Obligations,"0,09",EUR,Capitalisation,https://etf.dws.com/fr-fr/LU0478205379-eur-corporate-bond-ucits-etf-1c/
IE00BL25JM42,Xtrackers MSCI World Value UCITS ETF 1C,Actions,"0,25",USD,Capitalisation,https://etf.dws.com/fr-fr/IE00BL25JM42-msci-world-value-ucits-etf-1c/
LU0290356871,Xtrackers II Eurozone Government Bond 1-3 UCITS ETF 1C,Obligations,"0,10",EUR,Capitalisation,https://etf.dws.com/fr-fr/LU0290356871-eurozone-government-bond-1-3-ucits-etf-1c/
LU0614173549,Xtrackers II Eurozone Government Bond 1-3 UCITS ETF 1D,Obligations,"0,10",EUR,Distribution,https://etf.dws.com/fr-fr/LU0614173549-eurozone-government-bond-1-3-ucits-etf-1d/
IE00BM67HW99,Xtrackers S&P 500 UCITS ETF 1C EUR Hedged,Actions,"0,05",EUR,Capitalisation,https://etf.dws.com/fr-fr/IE00BM67HW99-s-p-500-ucits-etf-1c-eur-hedged/
IE00B8KMSQ34,Xtrackers S&P 500 UCITS ETF 3C CHF Hedged,Actions,"0,05",CHF,Capitalisation,https://etf.dws.com/fr-fr/IE00B8KMSQ34-s-p-500-ucits-etf-3c-chf-hedged/
IE00BM67HX07,Xtrackers S&P 500 UCITS ETF 2C GBP Hedged,Actions,"0,05",GBP,Capitalisation,https://etf.dws.com/fr-fr/IE00BM67HX07-s-p-500-ucits-etf-2c-gbp-hedged/
IE00BGJWX091,Xtrackers S&P 500 UCITS ETF 1D EUR Hedged,Actions,"0,05",EUR,Distribution,https://etf.dws.com/fr-fr/IE00BGJWX091-s-p-500-ucits-etf-1d-eur-hedged/
IE000Z9SJA06,Xtrackers S&P 500 UCITS ETF 4C,Actions,"0,03",USD,Capitalisation,https://etf.dws.com/fr-fr/IE000Z9SJA06-s-p-500-ucits-etf-4c/
IE000UP2BIZ9,Xtrackers S&P 500 UCITS ETF 4D,Actions,"0,03",USD,Distribution,https://etf.dws.com/fr-fr/IE000UP2BIZ9-s-p-500-ucits-etf-4d/
IE00BM67HK77,Xtrackers MSCI World Health Care UCITS ETF 1C,Actions,"0,25",USD,Capitalisation,https://etf.dws.com/fr-fr/IE00BM67HK77-msci-world-health-care-ucits-etf-1c/
IE0004MFRED4,Xtrackers S&P 500 Equal Weight Scored & Screened UCITS ETF 1C,Actions,"0,17",USD,Capitalisation,https://etf.dws.com/fr-fr/IE0004MFRED4-s-p-500-equal-weight-scored-screened-ucits-etf-1c/
IE000IDLWOL4,Xtrackers S&P 500 Equal Weight Scored & Screened UCITS ETF 2C - EUR Hedged,Actions,"0,22",EUR,Capitalisation,https://etf.dws.com/fr-fr/IE000IDLWOL4-s-p-500-equal-weight-scored-screened-ucits-etf-2c-eur-hedged/
LU0322253906,Xtrackers MSCI Europe Small Cap UCITS ETF 1C,Actions,"0,30",USD,Capitalisation,https://etf.dws.com/fr-fr/LU0322253906-msci-europe-small-cap-ucits-etf-1c/
LU0290355717,Xtrackers II Eurozone Government Bond UCITS ETF 1C,Obligations,"0,07",EUR,Capitalisation,https://etf.dws.com/fr-fr/LU0290355717-eurozone-government-bond-ucits-etf-1c/
LU0643975591,Xtrackers II Eurozone Government Bond UCITS ETF 1D,Obligations,"0,09",EUR,Distribution,https://etf.dws.com/fr-fr/LU0643975591-eurozone-government-bond-ucits-etf-1d/
LU3313127113,Xtrackers II Eurozone Government Bond UCITS ETF IC EUR Unlisted,Obligations,"0,06",EUR,Capitalisation,https://etf.dws.com/fr-fr/LU3313127113-eurozone-government-bond-ucits-etf-ic-eur-unlisted/
LU2009147591,Xtrackers II Eurozone Government Bond UCITS ETF 2C - USD Hedged,Obligations,"0,20",USD,Capitalisation,https://etf.dws.com/fr-fr/LU2009147591-eurozone-government-bond-ucits-etf-2c-usd-hedged/
LU2523866023,Xtrackers II Eurozone Government Bond UCITS ETF 2D - GBP Hedged,Obligations,"0,20",GBP,Distribution,https://etf.dws.com/fr-fr/LU2523866023-eurozone-government-bond-ucits-etf-2d-gbp-hedged/
IE00BL25JL35,Xtrackers MSCI World Quality UCITS ETF 1C,Actions,"0,25",USD,Capitalisation,https://etf.dws.com/fr-fr/IE00BL25JL35-msci-world-quality-ucits-etf-1c/
LU1109943388,Xtrackers II EUR High Yield Corporate Bond UCITS ETF 1C,Obligations,"0,20",EUR,Capitalisation,https://etf.dws.com/fr-fr/LU1109943388-eur-high-yield-corporate-bond-ucits-etf-1c/
LU1109942653,Xtrackers II EUR High Yield Corporate Bond UCITS ETF 1D,Obligations,"0,20",EUR,Distribution,https://etf.dws.com/fr-fr/LU1109942653-eur-high-yield-corporate-bond-ucits-etf-1d/
IE00BG36TC12,Xtrackers MSCI Japan ESG UCITS ETF 1C,Actions,"0,20",USD,Capitalisation,https://etf.dws.com/fr-fr/IE00BG36TC12-msci-japan-esg-ucits-etf-1c/
LU2196470426,Xtrackers Nikkei 225 UCITS ETF 1C,Actions,"0,09",JPY,Capitalisation,https://etf.dws.com/fr-fr/LU2196470426-nikkei-225-ucits-etf-1c/
LU1875395870,Xtrackers Nikkei 225 UCITS ETF 2D EUR Hedged,Actions,"0,19",EUR,Distribution,https://etf.dws.com/fr-fr/LU1875395870-nikkei-225-ucits-etf-2d-eur-hedged/
LU0839027447,Xtrackers Nikkei 225 UCITS ETF 1D,Actions,"0,09",JPY,Distribution,https://etf.dws.com/fr-fr/LU0839027447-nikkei-225-ucits-etf-1d/
IE00BJZ2DD79,Xtrackers Russell 2000 UCITS ETF 1C,Actions,"0,30",USD,Capitalisation,https://etf.dws.com/fr-fr/IE00BJZ2DD79-russell-2000-ucits-etf-1c/
LU0943504760,Xtrackers Switzerland UCITS ETF 1C,Actions,"0,30",CHF,Capitalisation,https://etf.dws.com/fr-fr/LU0943504760-switzerland-ucits-etf-1c/
LU0274221281,Xtrackers Switzerland UCITS ETF 1D,Actions,"0,30",CHF,Distribution,https://etf.dws.com/fr-fr/LU0274221281-switzerland-ucits-etf-1d/
LU0846194776,Xtrackers MSCI EMU UCITS ETF 1D,Actions,"0,09",EUR,Distribution,https://etf.dws.com/fr-fr/LU0846194776-msci-emu-ucits-etf-1d/
LU1127516455,Xtrackers MSCI EMU UCITS ETF 2C GBP Hedged,Actions,"0,12",GBP,Capitalisation,https://etf.dws.com/fr-fr/LU1127516455-msci-emu-ucits-etf-2c-gbp-hedged/
LU1127514245,Xtrackers MSCI EMU UCITS ETF 1C USD Hedged,Actions,"0,17",USD,Capitalisation,https://etf.dws.com/fr-fr/LU1127514245-msci-emu-ucits-etf-1c-usd-hedged/
LU1920015366,Xtrackers MSCI EMU UCITS ETF 4C,Actions,"0,09",EUR,Capitalisation,https://etf.dws.com/fr-fr/LU1920015366-msci-emu-ucits-etf-4c/
LU1215828218,Xtrackers MSCI EMU UCITS ETF 3C CHF Hedged,Actions,"0,17",CHF,Capitalisation,https://etf.dws.com/fr-fr/LU1215828218-msci-emu-ucits-etf-3c-chf-hedged/
LU0484968903,Xtrackers II EUR Corporate Bond SRI PAB UCITS ETF 1C,Obligations,"0,16",EUR,Capitalisation,https://etf.dws.com/fr-fr/LU0484968903-eur-corporate-bond-sri-pab-ucits-etf-1c/
LU0484968812,Xtrackers II EUR Corporate Bond SRI PAB UCITS ETF 1D,Obligations,"0,16",EUR,Distribution,https://etf.dws.com/fr-fr/LU0484968812-eur-corporate-bond-sri-pab-ucits-etf-1d/
LU1399300455,Xtrackers II US Treasuries UCITS ETF 2D EUR Hedged,Obligations,"0,10",EUR,Distribution,https://etf.dws.com/fr-fr/LU1399300455-us-treasuries-ucits-etf-2d-eur-hedged/
LU0429459356,Xtrackers II US Treasuries UCITS ETF 1D,Obligations,"0,06",USD,Distribution,https://etf.dws.com/fr-fr/LU0429459356-us-treasuries-ucits-etf-1d/
LU1920015796,Xtrackers II US Treasuries UCITS ETF 1C,Obligations,"0,06",USD,Capitalisation,https://etf.dws.com/fr-fr/LU1920015796-us-treasuries-ucits-etf-1c/
LU2610432036,Xtrackers II US Treasuries UCITS ETF 2C - GBP Hedged,Obligations,"0,10",GBP,Capitalisation,https://etf.dws.com/fr-fr/LU2610432036-us-treasuries-ucits-etf-2c-gbp-hedged/
DE000A1E0HR8,Xtrackers Physical Gold ETC (EUR),Métaux précieux,"0,25",EUR,--,https://etf.dws.com/fr-fr/etc/DE000A1E0HR8-xtrackers-physical-gold-etc-eur/
IE00BGQYRS42,Xtrackers MSCI USA Information Technology UCITS ETF 1D,Actions,"0,12",USD,Distribution,https://etf.dws.com/fr-fr/IE00BGQYRS42-msci-usa-information-technology-ucits-etf-1d/
LU0378818131,Xtrackers II Global Government Bond UCITS ETF 1C EUR Hedged,Obligations,"0,25",EUR,Capitalisation,https://etf.dws.com/fr-fr/LU0378818131-global-government-bond-ucits-etf-1c-eur-hedged/
LU0908508731,Xtrackers II Global Government Bond UCITS ETF 5C,Obligations,"0,20",EUR,Capitalisation,https://etf.dws.com/fr-fr/LU0908508731-global-government-bond-ucits-etf-5c/
LU0641006456,Xtrackers II Global Government Bond UCITS ETF 3C USD Hedged,Obligations,"0,25",USD,Capitalisation,https://etf.dws.com/fr-fr/LU0641006456-global-government-bond-ucits-etf-3c-usd-hedged/
LU0641006290,Xtrackers II Global Government Bond UCITS ETF 2D GBP Hedged,Obligations,"0,25",GBP,Distribution,https://etf.dws.com/fr-fr/LU0641006290-global-government-bond-ucits-etf-2d-gbp-hedged/
LU0641006613,Xtrackers II Global Government Bond UCITS ETF 4C CHF Hedged,Obligations,"0,25",CHF,Capitalisation,https://etf.dws.com/fr-fr/LU0641006613-global-government-bond-ucits-etf-4c-chf-hedged/
LU0690964092,Xtrackers II Global Government Bond UCITS ETF 1D EUR Hedged,Obligations,"0,25",EUR,Distribution,https://etf.dws.com/fr-fr/LU0690964092-global-government-bond-ucits-etf-1d-eur-hedged/
IE00BMFKG444,Xtrackers NASDAQ 100 UCITS ETF 1C,Actions,"0,20",USD,Capitalisation,https://etf.dws.com/fr-fr/IE00BMFKG444-nasdaq-100-ucits-etf-1c/
LU2178481649,Xtrackers II EUR Corporate Bond Short Duration SRI PAB UCITS ETF 1C,Obligations,"0,16",EUR,Capitalisation,https://etf.dws.com/fr-fr/LU2178481649-eur-corporate-bond-short-duration-sri-pab-ucits-etf-1c/
IE00BL25JP72,Xtrackers MSCI World Momentum UCITS ETF 1C,Actions,"0,25",USD,Capitalisation,https://etf.dws.com/fr-fr/IE00BL25JP72-msci-world-momentum-ucits-etf-1c/
LU2523865991,Xtrackers II Eurozone Government Bond 7-10 UCITS ETF 2C - USD Hedged,Obligations,"0,20",USD,Capitalisation,https://etf.dws.com/fr-fr/LU2523865991-eurozone-government-bond-7-10-ucits-etf-2c-usd-hedged/
LU0290357259,Xtrackers II Eurozone Government Bond 7-10 UCITS ETF 1C,Obligations,"0,15",EUR,Capitalisation,https://etf.dws.com/fr-fr/LU0290357259-eurozone-government-bond-7-10-ucits-etf-1c/
LU2523865728,Xtrackers II Eurozone Government Bond 7-10 UCITS ETF 1D - GBP Hedged,Obligations,"0,20",GBP,Distribution,https://etf.dws.com/fr-fr/LU2523865728-eurozone-government-bond-7-10-ucits-etf-1d-gbp-hedged/
DE000A1EK0G3,Xtrackers Physical Gold EUR Hedged ETC,Métaux précieux,"0,59",EUR,--,https://etf.dws.com/fr-fr/etc/DE000A1EK0G3-xtrackers-physical-gold-eur-hedged-etc/
LU0514695690,Xtrackers MSCI China UCITS ETF 1C,Actions,"0,65",USD,Capitalisation,https://etf.dws.com/fr-fr/LU0514695690-msci-china-ucits-etf-1c/
LU2456436083,Xtrackers MSCI China UCITS ETF 1D,Actions,"0,28",USD,Distribution,https://etf.dws.com/fr-fr/LU2456436083-msci-china-ucits-etf-1d/
LU0779800910,Xtrackers CSI300 Swap UCITS ETF 1C,Actions,"0,50",USD,Capitalisation,https://etf.dws.com/fr-fr/LU0779800910-csi300-swap-ucits-etf-1c/
IE00BM67HM91,Xtrackers MSCI World Energy UCITS ETF 1C,Actions,"0,25",USD,Capitalisation,https://etf.dws.com/fr-fr/IE00BM67HM91-msci-world-energy-ucits-etf-1c/
LU0524480265,Xtrackers II iBoxx Eurozone Government Bond Yield Plus UCITS ETF 1C,Obligations,"0,15",EUR,Capitalisation,https://etf.dws.com/fr-fr/LU0524480265-iboxx-eurozone-government-bond-yield-plus-ucits-etf-1c/
LU0962071741,Xtrackers II iBoxx Eurozone Government Bond Yield Plus UCITS ETF 1D,Obligations,"0,15",EUR,Distribution,https://etf.dws.com/fr-fr/LU0962071741-iboxx-eurozone-government-bond-yield-plus-ucits-etf-1d/
IE00BJZ2DC62,Xtrackers MSCI USA Screened UCITS ETF 1C,Actions,"0,07",USD,Capitalisation,https://etf.dws.com/fr-fr/IE00BJZ2DC62-msci-usa-screened-ucits-etf-1c/
IE000TSML5I8,Xtrackers MSCI USA Screened UCITS ETF 2C EUR Hedged,Actions,"0,12",EUR,Capitalisation,https://etf.dws.com/fr-fr/IE000TSML5I8-msci-usa-screened-ucits-etf-2c-eur-hedged/
IE00BG370F43,Xtrackers MSCI Emerging Markets ESG UCITS ETF 1C,Actions,"0,25",USD,Capitalisation,https://etf.dws.com/fr-fr/IE00BG370F43-msci-emerging-markets-esg-ucits-etf-1c/
LU0322252338,Xtrackers MSCI Pacific ex Japan UCITS ETF 1C,Actions,"0,25",USD,Capitalisation,https://etf.dws.com/fr-fr/LU0322252338-msci-pacific-ex-japan-ucits-etf-1c/
IE00BM67HL84,Xtrackers MSCI World Financials UCITS ETF 1C,Actions,"0,25",USD,Capitalisation,https://etf.dws.com/fr-fr/IE00BM67HL84-msci-world-financials-ucits-etf-1c/
LU0476289540,Xtrackers MSCI Canada Screened UCITS ETF 1C,Actions,"0,35",USD,Capitalisation,https://etf.dws.com/fr-fr/LU0476289540-msci-canada-screened-ucits-etf-1c/
IE00BM67HV82,Xtrackers MSCI World Industrials UCITS ETF 1C,Actions,"0,25",USD,Capitalisation,https://etf.dws.com/fr-fr/IE00BM67HV82-msci-world-industrials-ucits-etf-1c/
IE00BZ036H21,Xtrackers USD Corporate Bond UCITS ETF 1D,Obligations,"0,12",USD,Distribution,https://etf.dws.com/fr-fr/IE00BZ036H21-usd-corporate-bond-ucits-etf-1d/
IE00BG04LY46,Xtrackers USD Corporate Bond UCITS ETF 5D - GBP Hedged,Obligations,"0,21",GBP,Distribution,https://etf.dws.com/fr-fr/IE00BG04LY46-usd-corporate-bond-ucits-etf-5d-gbp-hedged/
IE00BZ036J45,Xtrackers USD Corporate Bond UCITS ETF 2D EUR Hedged,Obligations,"0,21",EUR,Distribution,https://etf.dws.com/fr-fr/IE00BZ036J45-usd-corporate-bond-ucits-etf-2d-eur-hedged/
IE00BMCFJ320,Xtrackers USD Corporate Bond UCITS ETF 6C MXN Hedged,Obligations,"0,21",MXN,Capitalisation,https://etf.dws.com/fr-fr/IE00BMCFJ320-usd-corporate-bond-ucits-etf-6c-mxn-hedged/
IE00BFMKQC67,Xtrackers USD Corporate Bond UCITS ETF 1C,Obligations,"0,12",USD,Capitalisation,https://etf.dws.com/fr-fr/IE00BFMKQC67-usd-corporate-bond-ucits-etf-1c/
IE00BFMNHK08,Xtrackers MSCI Europe ESG UCITS ETF 1C,Actions,"0,20",EUR,Capitalisation,https://etf.dws.com/fr-fr/IE00BFMNHK08-msci-europe-esg-ucits-etf-1c/
IE0004ZJGWT9,Xtrackers MSCI Europe ESG UCITS ETF 1D,Actions,"0,18",EUR,Distribution,https://etf.dws.com/fr-fr/IE0004ZJGWT9-msci-europe-esg-ucits-etf-1d/
IE00BL25JN58,Xtrackers MSCI World Minimum Volatility UCITS ETF 1C,Actions,"0,25",USD,Capitalisation,https://etf.dws.com/fr-fr/IE00BL25JN58-msci-world-minimum-volatility-ucits-etf-1c/
IE00B9MRHC27,Xtrackers MSCI Nordic UCITS ETF 1D,Actions,"0,30",EUR,Distribution,https://etf.dws.com/fr-fr/IE00B9MRHC27-msci-nordic-ucits-etf-1d/
IE000BO2Y0T8,Xtrackers MSCI Nordic UCITS ETF 1C,Actions,"0,30",EUR,Capitalisation,https://etf.dws.com/fr-fr/IE000BO2Y0T8-msci-nordic-ucits-etf-1c/
DE000A2T5DZ1,Xtrackers IE Physical Gold EUR Hedged ETC Securities,Métaux précieux,"0,24",EUR,--,https://etf.dws.com/fr-fr/etc/DE000A2T5DZ1-xtrackers-ie-physical-gold-eur-hedged-etc-securities/
LU0292107645,Xtrackers MSCI Emerging Markets Swap UCITS ETF 1C,Actions,"0,49",USD,Capitalisation,https://etf.dws.com/fr-fr/LU0292107645-msci-emerging-markets-swap-ucits-etf-1c/
LU2675291913,Xtrackers MSCI Emerging Markets Swap UCITS ETF 1D,Actions,"0,18",USD,Distribution,https://etf.dws.com/fr-fr/LU2675291913-msci-emerging-markets-swap-ucits-etf-1d/
LU0292096186,Xtrackers Stoxx Global Select Dividend 100 Swap UCITS ETF 1D,Actions,"0,50",EUR,Distribution,https://etf.dws.com/fr-fr/LU0292096186-stoxx-global-select-dividend-100-swap-ucits-etf-1d/
LU0468896575,Xtrackers II Germany Government Bond UCITS ETF 1D,Obligations,"0,15",EUR,Distribution,https://etf.dws.com/fr-fr/LU0468896575-germany-government-bond-ucits-etf-1d/
LU0643975161,Xtrackers II Germany Government Bond UCITS ETF 1C,Obligations,"0,15",EUR,Capitalisation,https://etf.dws.com/fr-fr/LU0643975161-germany-government-bond-ucits-etf-1c/
LU2523866296,Xtrackers II Germany Government Bond UCITS ETF 2D - GBP Hedged,Obligations,"0,20",GBP,Distribution,https://etf.dws.com/fr-fr/LU2523866296-germany-government-bond-ucits-etf-2d-gbp-hedged/
LU2523866379,Xtrackers II Germany Government Bond UCITS ETF 2C - USD Hedged,Obligations,"0,20",USD,Capitalisation,https://etf.dws.com/fr-fr/LU2523866379-germany-government-bond-ucits-etf-2c-usd-hedged/
LU0290357176,Xtrackers II Eurozone Government Bond 5-7 UCITS ETF 1C,Obligations,"0,15",EUR,Capitalisation,https://etf.dws.com/fr-fr/LU0290357176-eurozone-government-bond-5-7-ucits-etf-1c/
LU0290357929,Xtrackers II Global Inflation-Linked Bond UCITS ETF 1C EUR Hedged,Obligations,"0,25",EUR,Capitalisation,https://etf.dws.com/fr-fr/LU0290357929-global-inflation-linked-bond-ucits-etf-1c-eur-hedged/
LU0641007264,Xtrackers II Global Inflation-Linked Bond UCITS ETF 3D GBP Hedged,Obligations,"0,25",GBP,Distribution,https://etf.dws.com/fr-fr/LU0641007264-global-inflation-linked-bond-ucits-etf-3d-gbp-hedged/
LU0641007421,Xtrackers II Global Inflation-Linked Bond UCITS ETF 4D CHF Hedged,Obligations,"0,25",CHF,Distribution,https://etf.dws.com/fr-fr/LU0641007421-global-inflation-linked-bond-ucits-etf-4d-chf-hedged/
LU0908508814,Xtrackers II Global Inflation-Linked Bond UCITS ETF 5C,Obligations,"0,20",EUR,Capitalisation,https://etf.dws.com/fr-fr/LU0908508814-global-inflation-linked-bond-ucits-etf-5c/
LU0641007009,Xtrackers II Global Inflation-Linked Bond UCITS ETF 2C USD Hedged,Obligations,"0,25",USD,Capitalisation,https://etf.dws.com/fr-fr/LU0641007009-global-inflation-linked-bond-ucits-etf-2c-usd-hedged/
LU0962078753,Xtrackers II Global Inflation-Linked Bond UCITS ETF 1D EUR Hedged,Obligations,"0,20",EUR,Distribution,https://etf.dws.com/fr-fr/LU0962078753-global-inflation-linked-bond-ucits-etf-1d-eur-hedged/
LU0292097747,Xtrackers MSCI UK ESG UCITS ETF 1D,Actions,"0,18",GBP,Distribution,https://etf.dws.com/fr-fr/LU0292097747-msci-uk-esg-ucits-etf-1d/
IE00BM67HQ30,Xtrackers MSCI World Utilities UCITS ETF 1C,Actions,"0,25",USD,Capitalisation,https://etf.dws.com/fr-fr/IE00BM67HQ30-msci-world-utilities-ucits-etf-1c/
IE00BDR5HM97,Xtrackers USD High Yield Corporate Bond UCITS ETF 1D,Obligations,"0,20",USD,Distribution,https://etf.dws.com/fr-fr/IE00BDR5HM97-usd-high-yield-corporate-bond-ucits-etf-1d/
IE00BG04LT92,Xtrackers USD High Yield Corporate Bond UCITS ETF 2C EUR Hedged,Obligations,"0,25",EUR,Capitalisation,https://etf.dws.com/fr-fr/IE00BG04LT92-usd-high-yield-corporate-bond-ucits-etf-2c-eur-hedged/
IE00BG04LV15,Xtrackers USD High Yield Corporate Bond UCITS ETF 4D GBP Hedged,Obligations,"0,20",GBP,Distribution,https://etf.dws.com/fr-fr/IE00BG04LV15-usd-high-yield-corporate-bond-ucits-etf-4d-gbp-hedged/
IE00BDR5HN05,Xtrackers USD High Yield Corporate Bond UCITS ETF 1C,Obligations,"0,20",USD,Capitalisation,https://etf.dws.com/fr-fr/IE00BDR5HN05-usd-high-yield-corporate-bond-ucits-etf-1c/
IE00BM67HN09,Xtrackers MSCI World Consumer Staples UCITS ETF 1C,Actions,"0,25",USD,Capitalisation,https://etf.dws.com/fr-fr/IE00BM67HN09-msci-world-consumer-staples-ucits-etf-1c/
LU0292095535,Xtrackers Euro Stoxx Quality Dividend UCITS ETF 1D,Actions,"0,30",EUR,Distribution,https://etf.dws.com/fr-fr/LU0292095535-euro-stoxx-quality-dividend-ucits-etf-1d/
IE00BCHWNW54,Xtrackers MSCI USA Health Care UCITS ETF 1D,Actions,"0,12",USD,Distribution,https://etf.dws.com/fr-fr/IE00BCHWNW54-msci-usa-health-care-ucits-etf-1d/
LU2903252349,Scalable MSCI AC World Xtrackers UCITS ETF 1C,Actions,"0,15",USD,Capitalisation,https://etf.dws.com/fr-fr/LU2903252349-scalable-msci-ac-world-xtrackers-ucits-etf-1c/
IE00BCHWNT26,Xtrackers MSCI USA Financials UCITS ETF 1D,Actions,"0,12",USD,Distribution,https://etf.dws.com/fr-fr/IE00BCHWNT26-msci-usa-financials-ucits-etf-1d/
LU0942970442,Xtrackers II ESG Global Aggregate Bond UCITS ETF 4C CHF Hedged,Obligations,"0,10",CHF,Capitalisation,https://etf.dws.com/fr-fr/LU0942970442-esg-global-aggregate-bond-ucits-etf-4c-chf-hedged/
LU0942970103,Xtrackers II ESG Global Aggregate Bond UCITS ETF 1D,Obligations,"0,10",USD,Distribution,https://etf.dws.com/fr-fr/LU0942970103-esg-global-aggregate-bond-ucits-etf-1d/
LU0942970368,Xtrackers II ESG Global Aggregate Bond UCITS ETF 3D GBP Hedged,Obligations,"0,10",GBP,Distribution,https://etf.dws.com/fr-fr/LU0942970368-esg-global-aggregate-bond-ucits-etf-3d-gbp-hedged/
LU0942970285,Xtrackers II ESG Global Aggregate Bond UCITS ETF 2C USD Hedged,Obligations,"0,10",USD,Capitalisation,https://etf.dws.com/fr-fr/LU0942970285-esg-global-aggregate-bond-ucits-etf-2c-usd-hedged/
LU0942970798,Xtrackers II ESG Global Aggregate Bond UCITS ETF 5C EUR Hedged,Obligations,"0,10",EUR,Capitalisation,https://etf.dws.com/fr-fr/LU0942970798-esg-global-aggregate-bond-ucits-etf-5c-eur-hedged/
LU0460391732,Xtrackers Bloomberg Commodity ex-Agriculture & Livestock Swap UCITS ETF 2C,Matières Premières,"0,29",USD,Capitalisation,https://etf.dws.com/fr-fr/LU0460391732-bloomberg-commodity-ex-agriculture-livestock-swap-ucits-etf-2c/
LU0292106167,Xtrackers Bloomberg Commodity ex-Agriculture & Livestock Swap UCITS ETF 1C EUR Hedged,Matières Premières,"0,39",EUR,Capitalisation,https://etf.dws.com/fr-fr/LU0292106167-bloomberg-commodity-ex-agriculture-livestock-swap-ucits-etf-1c-eur-hedged/
LU0460391906,Xtrackers Bloomberg Commodity ex-Agriculture & Livestock Swap UCITS ETF 3C GBP Hedged,Matières Premières,"0,39",GBP,Capitalisation,https://etf.dws.com/fr-fr/LU0460391906-bloomberg-commodity-ex-agriculture-livestock-swap-ucits-etf-3c-gbp-hedged/
LU0489337690,Xtrackers FTSE Developed Europe Real Estate UCITS ETF 1C,Actions,"0,33",EUR,Capitalisation,https://etf.dws.com/fr-fr/LU0489337690-ftse-developed-europe-real-estate-ucits-etf-1c/
IE00BCHWNQ94,Xtrackers MSCI World Screened UCITS ETF 1D,Actions,"0,19",USD,Distribution,https://etf.dws.com/fr-fr/IE00BCHWNQ94-msci-world-screened-ucits-etf-1d/
IE000I9HGDZ3,Xtrackers MSCI World Screened UCITS ETF 1C,Actions,"0,19",USD,Capitalisation,https://etf.dws.com/fr-fr/IE000I9HGDZ3-msci-world-screened-ucits-etf-1c/
IE00BM67HS53,Xtrackers MSCI World Materials UCITS ETF 1C,Actions,"0,25",USD,Capitalisation,https://etf.dws.com/fr-fr/IE00BM67HS53-msci-world-materials-ucits-etf-1c/
LU0429790743,Xtrackers Bloomberg Commodity Swap UCITS ETF 2C EUR Hedged,Matières Premières,"0,24",EUR,Capitalisation,https://etf.dws.com/fr-fr/LU0429790743-bloomberg-commodity-swap-ucits-etf-2c-eur-hedged/
LU2278080713,Xtrackers Bloomberg Commodity Swap UCITS ETF 1C,Matières Premières,"0,12",USD,Capitalisation,https://etf.dws.com/fr-fr/LU2278080713-bloomberg-commodity-swap-ucits-etf-1c/
LU0292107991,Xtrackers MSCI EM Asia Screened Swap UCITS ETF 1C,Actions,"0,65",USD,Capitalisation,https://etf.dws.com/fr-fr/LU0292107991-msci-em-asia-screened-swap-ucits-etf-1c/
LU2296661775,Xtrackers MSCI EM Asia Screened Swap UCITS ETF 1D,Actions,"0,35",USD,Distribution,https://etf.dws.com/fr-fr/LU2296661775-msci-em-asia-screened-swap-ucits-etf-1d/
LU0952581584,Xtrackers II Japan Government Bond UCITS ETF 1C,Obligations,"0,15",JPY,Capitalisation,https://etf.dws.com/fr-fr/LU0952581584-japan-government-bond-ucits-etf-1c/
LU3003218446,Xtrackers II Japan Government Bond UCITS ETF 2C – EUR Hedged,Obligations,"0,20",EUR,Capitalisation,https://etf.dws.com/fr-fr/LU3003218446-japan-government-bond-ucits-etf-2c-eur-hedged/
LU0322253229,Xtrackers S&P Global Infrastructure Swap UCITS ETF 1C,Actions,"0,60",USD,Capitalisation,https://etf.dws.com/fr-fr/LU0322253229-s-p-global-infrastructure-swap-ucits-etf-1c/
IE00BYPHT736,Xtrackers iBoxx EUR Corporate Bond Yield Plus UCITS ETF 1D,Obligations,"0,25",EUR,Distribution,https://etf.dws.com/fr-fr/IE00BYPHT736-iboxx-eur-corporate-bond-yield-plus-ucits-etf-1d/
IE000UX5WPU4,Xtrackers iBoxx EUR Corporate Bond Yield Plus UCITS ETF 1C,Obligations,"0,25",EUR,Capitalisation,https://etf.dws.com/fr-fr/IE000UX5WPU4-iboxx-eur-corporate-bond-yield-plus-ucits-etf-1c/
LU0838782315,Xtrackers DAX ESG Screened UCITS ETF 1D,Actions,"0,09",EUR,Distribution,https://etf.dws.com/fr-fr/LU0838782315-dax-esg-screened-ucits-etf-1d/
LU1221102491,Xtrackers DAX ESG Screened UCITS ETF 4C CHF Hedged,Actions,"0,19",CHF,Capitalisation,https://etf.dws.com/fr-fr/LU1221102491-dax-esg-screened-ucits-etf-4c-chf-hedged/
LU1221100792,Xtrackers DAX ESG Screened UCITS ETF 2C USD Hedged,Actions,"0,19",USD,Capitalisation,https://etf.dws.com/fr-fr/LU1221100792-dax-esg-screened-ucits-etf-2c-usd-hedged/
LU0290356954,Xtrackers II Eurozone Government Bond 3-5 UCITS ETF 1C,Obligations,"0,15",EUR,Capitalisation,https://etf.dws.com/fr-fr/LU0290356954-eurozone-government-bond-3-5-ucits-etf-1c/
LU2606231418,Xtrackers II Eurozone Government Bond 3-5 UCITS ETF 2D - GBP Hedged,Obligations,"0,20",GBP,Distribution,https://etf.dws.com/fr-fr/LU2606231418-eurozone-government-bond-3-5-ucits-etf-2d-gbp-hedged/
LU2606231335,Xtrackers II Eurozone Government Bond 3-5 UCITS ETF 2C - USD Hedged,Obligations,"0,20",USD,Capitalisation,https://etf.dws.com/fr-fr/LU2606231335-eurozone-government-bond-3-5-ucits-etf-2c-usd-hedged/
LU0614173895,Xtrackers II Eurozone Government Bond 3-5 UCITS ETF 1D,Obligations,"0,15",EUR,Distribution,https://etf.dws.com/fr-fr/LU0614173895-eurozone-government-bond-3-5-ucits-etf-1d/
IE0002PGSLZ5,Xtrackers US Equity Enhanced Active UCITS ETF 1C,Actions,"0,20",USD,Capitalisation,https://etf.dws.com/fr-fr/IE0002PGSLZ5-us-equity-enhanced-active-ucits-etf-1c/
IE00BNC1G707,Xtrackers MSCI USA Communication Services UCITS ETF 1D,Actions,"0,12",USD,Distribution,https://etf.dws.com/fr-fr/IE00BNC1G707-msci-usa-communication-services-ucits-etf-1d/
LU0411078552,Xtrackers S&P 500 2x Leveraged Daily Swap UCITS ETF 1C,Actions,"0,60",USD,Capitalisation,https://etf.dws.com/fr-fr/LU0411078552-s-p-500-2x-leveraged-daily-swap-ucits-etf-1c/
LU0514695187,Xtrackers MSCI India Swap UCITS ETF 1C,Actions,"0,19",USD,Capitalisation,https://etf.dws.com/fr-fr/LU0514695187-msci-india-swap-ucits-etf-1c/
LU0322248146,Xtrackers SLI UCITS ETF 1D,Actions,"0,25",CHF,Distribution,https://etf.dws.com/fr-fr/LU0322248146-sli-ucits-etf-1d/
DE000A1E0HS6,Xtrackers Physical Silver ETC (EUR),Métaux précieux,"0,40",EUR,--,https://etf.dws.com/fr-fr/etc/DE000A1E0HS6-xtrackers-physical-silver-etc-eur/
LU2641054551,Xtrackers II Germany Government Bond 0-1 UCITS ETF 1C,Obligations,"0,07",EUR,Capitalisation,https://etf.dws.com/fr-fr/LU2641054551-germany-government-bond-0-1-ucits-etf-1c/
LU0292100046,Xtrackers MSCI Korea UCITS ETF 1C,Actions,"0,45",USD,Capitalisation,https://etf.dws.com/fr-fr/LU0292100046-msci-korea-ucits-etf-1c/
DE000A2UDH48,Xtrackers IE Physical Gold GBP Hedged ETC Securities,Métaux précieux,"0,24",GBP,--,https://etf.dws.com/fr-fr/etc/DE000A2UDH48-xtrackers-ie-physical-gold-gbp-hedged-etc-securities/
LU0290358224,Xtrackers II Eurozone Inflation-Linked Bond UCITS ETF 1C,Obligations,"0,15",EUR,Capitalisation,https://etf.dws.com/fr-fr/LU0290358224-eurozone-inflation-linked-bond-ucits-etf-1c/
IE00BRB36B93,Xtrackers MSCI Japan Screened UCITS ETF 3C EUR Hedged,Actions,"0,25",EUR,Capitalisation,https://etf.dws.com/fr-fr/IE00BRB36B93-msci-japan-screened-ucits-etf-3c-eur-hedged/
IE00BPVLQD13,Xtrackers MSCI Japan Screened UCITS ETF 1D,Actions,"0,15",JPY,Distribution,https://etf.dws.com/fr-fr/IE00BPVLQD13-msci-japan-screened-ucits-etf-1d/
IE00BPVLQF37,Xtrackers MSCI Japan Screened UCITS ETF 2D GBP Hedged,Actions,"0,25",GBP,Distribution,https://etf.dws.com/fr-fr/IE00BPVLQF37-msci-japan-screened-ucits-etf-2d-gbp-hedged/
IE00BTGD1B38,Xtrackers MSCI Japan Screened UCITS ETF 4C USD Hedged,Actions,"0,25",USD,Capitalisation,https://etf.dws.com/fr-fr/IE00BTGD1B38-msci-japan-screened-ucits-etf-4c-usd-hedged/
IE00094GSCQ4,Xtrackers World Equity Enhanced Active UCITS ETF 1C,Actions,"0,25",USD,Capitalisation,https://etf.dws.com/fr-fr/IE00094GSCQ4-world-equity-enhanced-active-ucits-etf-1c/
GB00B5840F36,Xtrackers Physical Gold ETC,Métaux précieux,"0,25",USD,--,https://etf.dws.com/fr-fr/etc/GB00B5840F36-xtrackers-physical-gold-etc/
LU0292109187,Xtrackers MSCI Taiwan UCITS ETF 1C,Actions,"0,65",USD,Capitalisation,https://etf.dws.com/fr-fr/LU0292109187-msci-taiwan-ucits-etf-1c/
LU1109939865,Xtrackers II Rolling Target Maturity Sept 2027 EUR High Yield UCITS ETF 1D,Obligations,"0,30",EUR,Distribution,https://etf.dws.com/fr-fr/LU1109939865-rolling-target-maturity-sept-2027-eur-high-yield-ucits-etf-1d/
LU1109941689,Xtrackers II Rolling Target Maturity Sept 2027 EUR High Yield UCITS ETF 1C,Obligations,"0,30",EUR,Capitalisation,https://etf.dws.com/fr-fr/LU1109941689-rolling-target-maturity-sept-2027-eur-high-yield-ucits-etf-1c/
LU0677077884,Xtrackers II J.P. Morgan USD Emerging Markets Bond UCITS ETF 2D,Obligations,"0,25",USD,Distribution,https://etf.dws.com/fr-fr/LU0677077884-j-p-morgan-usd-emerging-markets-bond-ucits-etf-2d/
LU2361257269,Xtrackers II J.P. Morgan USD Emerging Markets Bond UCITS ETF 1D EUR Hedged,Obligations,"0,40",EUR,Distribution,https://etf.dws.com/fr-fr/LU2361257269-j-p-morgan-usd-emerging-markets-bond-ucits-etf-1d-eur-hedged/
LU1920015440,Xtrackers II J.P. Morgan USD Emerging Markets Bond UCITS ETF 2C,Obligations,"0,25",USD,Capitalisation,https://etf.dws.com/fr-fr/LU1920015440-j-p-morgan-usd-emerging-markets-bond-ucits-etf-2c/
LU0321462953,Xtrackers II J.P. Morgan USD Emerging Markets Bond UCITS ETF 1C EUR Hedged,Obligations,"0,40",EUR,Capitalisation,https://etf.dws.com/fr-fr/LU0321462953-j-p-morgan-usd-emerging-markets-bond-ucits-etf-1c-eur-hedged/
IE00BM67HR47,Xtrackers MSCI World Communication Services UCITS ETF 1C,Actions,"0,25",USD,Capitalisation,https://etf.dws.com/fr-fr/IE00BM67HR47-msci-world-communication-services-ucits-etf-1c/
IE00BM67HP23,Xtrackers MSCI World Consumer Discretionary UCITS ETF 1C,Actions,"0,25",USD,Capitalisation,https://etf.dws.com/fr-fr/IE00BM67HP23-msci-world-consumer-discretionary-ucits-etf-1c/
LU0292103222,Xtrackers MSCI Europe Health Care UCITS ETF 1C,Actions,"0,17",EUR,Capitalisation,https://etf.dws.com/fr-fr/LU0292103222-msci-europe-health-care-ucits-etf-1c/
LU0486851024,Xtrackers MSCI Europe Value UCITS ETF 1C,Actions,"0,15",EUR,Capitalisation,https://etf.dws.com/fr-fr/LU0486851024-msci-europe-value-ucits-etf-1c/
LU0322252924,Xtrackers Vietnam Swap UCITS ETF 1C,Actions,"0,85",USD,Capitalisation,https://etf.dws.com/fr-fr/LU0322252924-vietnam-swap-ucits-etf-1c/
IE000TL3PL69,Xtrackers MSCI World Momentum ESG UCITS ETF 1C,Actions,"0,25",USD,Capitalisation,https://etf.dws.com/fr-fr/IE000TL3PL69-msci-world-momentum-esg-ucits-etf-1c/
IE00BCHWNV48,Xtrackers MSCI USA Industrials UCITS ETF 1D,Actions,"0,12",USD,Distribution,https://etf.dws.com/fr-fr/IE00BCHWNV48-msci-usa-industrials-ucits-etf-1d/
IE00BGV5VM45,Xtrackers S&P Europe ex UK UCITS ETF 1D,Actions,"0,09",EUR,Distribution,https://etf.dws.com/fr-fr/IE00BGV5VM45-s-p-europe-ex-uk-ucits-etf-1d/
LU0322252171,Xtrackers MSCI AC Asia ex Japan ESG Swap UCITS ETF 1C,Actions,"0,65",USD,Capitalisation,https://etf.dws.com/fr-fr/LU0322252171-msci-ac-asia-ex-japan-esg-swap-ucits-etf-1c/
LU0321465469,Xtrackers II USD Overnight Rate Swap UCITS ETF 1C,Obligations,"0,10",USD,Capitalisation,https://etf.dws.com/fr-fr/LU0321465469-usd-overnight-rate-swap-ucits-etf-1c/
LU0476289466,Xtrackers MSCI Mexico UCITS ETF 1C,Actions,"0,65",USD,Capitalisation,https://etf.dws.com/fr-fr/LU0476289466-msci-mexico-ucits-etf-1c/
DE000A1EK0J7,Xtrackers Physical Silver EUR Hedged ETC,Métaux précieux,"0,75",EUR,--,https://etf.dws.com/fr-fr/etc/DE000A1EK0J7-xtrackers-physical-silver-eur-hedged-etc/
LU0322250712,Xtrackers LPX Private Equity Swap UCITS ETF 1C,Actions,"0,70",EUR,Capitalisation,https://etf.dws.com/fr-fr/LU0322250712-lpx-private-equity-swap-ucits-etf-1c/
LU0994505336,Xtrackers Spain UCITS ETF 1D,Actions,"0,30",EUR,Distribution,https://etf.dws.com/fr-fr/LU0994505336-spain-ucits-etf-1d/
LU0592216393,Xtrackers Spain UCITS ETF 1C,Actions,"0,30",EUR,Capitalisation,https://etf.dws.com/fr-fr/LU0592216393-spain-ucits-etf-1c/
IE000LAUZQT6,Xtrackers MSCI World Value ESG UCITS ETF 1C,Actions,"0,25",USD,Capitalisation,https://etf.dws.com/fr-fr/IE000LAUZQT6-msci-world-value-esg-ucits-etf-1c/
LU0875160326,Xtrackers Harvest CSI300 UCITS ETF 1D,Actions,"0,65",USD,Distribution,https://etf.dws.com/fr-fr/LU0875160326-harvest-csi300-ucits-etf-1d/
IE000PDUVTF3,Xtrackers MSCI USA Swap II UCITS ETF 1C,Actions,"0,04",USD,Capitalisation,https://etf.dws.com/fr-fr/IE000PDUVTF3-msci-usa-swap-ii-ucits-etf-1c/
IE000FW16TX1,Xtrackers MSCI USA Swap II UCITS ETF 1D,Actions,"0,04",USD,Distribution,https://etf.dws.com/fr-fr/IE000FW16TX1-msci-usa-swap-ii-ucits-etf-1d/
DE000A2T0VS9,Xtrackers IE Physical Silver ETC Securities,Métaux précieux,"0,20",USD,--,https://etf.dws.com/fr-fr/etc/DE000A2T0VS9-xtrackers-ie-physical-silver-etc-securities/
IE00BL58LJ19,Xtrackers USD Corporate Bond SRI PAB UCITS ETF 1C,Obligations,"0,16",USD,Capitalisation,https://etf.dws.com/fr-fr/IE00BL58LJ19-usd-corporate-bond-sri-pab-ucits-etf-1c/
IE00BL58LL31,Xtrackers USD Corporate Bond SRI PAB UCITS ETF 2C EUR Hedged,Obligations,"0,21",EUR,Capitalisation,https://etf.dws.com/fr-fr/IE00BL58LL31-usd-corporate-bond-sri-pab-ucits-etf-2c-eur-hedged/
LU2673523309,Xtrackers II Target Maturity Sept 2029 EUR Corporate Bond UCITS ETF 1D,Obligations,"0,12",EUR,Distribution,https://etf.dws.com/fr-fr/LU2673523309-target-maturity-sept-2029-eur-corporate-bond-ucits-etf-1d/
LU2673522913,Xtrackers II Target Maturity Sept 2029 EUR Corporate Bond UCITS ETF 1C,Obligations,"0,12",EUR,Capitalisation,https://etf.dws.com/fr-fr/LU2673522913-target-maturity-sept-2029-eur-corporate-bond-ucits-etf-1c/
LU2673523481,Xtrackers II Target Maturity Sept 2031 EUR Corporate Bond UCITS ETF 1D,Obligations,"0,12",EUR,Distribution,https://etf.dws.com/fr-fr/LU2673523481-target-maturity-sept-2031-eur-corporate-bond-ucits-etf-1d/
LU2673523135,Xtrackers II Target Maturity Sept 2031 EUR Corporate Bond UCITS ETF 1C,Obligations,"0,12",EUR,Capitalisation,https://etf.dws.com/fr-fr/LU2673523135-target-maturity-sept-2031-eur-corporate-bond-ucits-etf-1c/
LU0925589839,Xtrackers II iBoxx Eurozone Government Bond Yield Plus 1-3 UCITS ETF 1C,Obligations,"0,15",EUR,Capitalisation,https://etf.dws.com/fr-fr/LU0925589839-iboxx-eurozone-government-bond-yield-plus-1-3-ucits-etf-1c/
LU2552296563,Xtrackers II iBoxx Eurozone Government Bond Yield Plus 1-3 UCITS ETF 2D,Obligations,"0,15",EUR,Distribution,https://etf.dws.com/fr-fr/LU2552296563-iboxx-eurozone-government-bond-yield-plus-1-3-ucits-etf-2d/
LU0321464652,Xtrackers II GBP Overnight Rate Swap UCITS ETF 1D,Obligations,"0,10",GBP,Distribution,https://etf.dws.com/fr-fr/LU0321464652-gbp-overnight-rate-swap-ucits-etf-1d/
LU0292109344,Xtrackers MSCI Brazil UCITS ETF 1C,Actions,"0,25",USD,Capitalisation,https://etf.dws.com/fr-fr/LU0292109344-msci-brazil-ucits-etf-1c/
LU2504537445,Xtrackers II Eurozone Government Bond ESG Tilted UCITS ETF 1D,Obligations,"0,12",EUR,Distribution,https://etf.dws.com/fr-fr/LU2504537445-eurozone-government-bond-esg-tilted-ucits-etf-1d/
IE00BD4DXB77,Xtrackers ESG USD Emerging Markets Bond Quality Weighted UCITS ETF 2D EUR Hedged,Obligations,"0,50",EUR,Distribution,https://etf.dws.com/fr-fr/IE00BD4DXB77-esg-usd-emerging-markets-bond-quality-weighted-ucits-etf-2d-eur-hedged/
IE0004KLW911,Xtrackers ESG USD Emerging Markets Bond Quality Weighted UCITS ETF 1C,Obligations,"0,45",USD,Capitalisation,https://etf.dws.com/fr-fr/IE0004KLW911-esg-usd-emerging-markets-bond-quality-weighted-ucits-etf-1c/
IE00BD4DX952,Xtrackers ESG USD Emerging Markets Bond Quality Weighted UCITS ETF 1D,Obligations,"0,45",USD,Distribution,https://etf.dws.com/fr-fr/IE00BD4DX952-esg-usd-emerging-markets-bond-quality-weighted-ucits-etf-1d/
IE00074JLU02,Xtrackers Japan Net Zero Pathway Paris Aligned UCITS ETF 1C,Actions,"0,15",USD,Capitalisation,https://etf.dws.com/fr-fr/IE00074JLU02-japan-net-zero-pathway-paris-aligned-ucits-etf-1c/
IE0003NQ0IY5,Xtrackers MSCI World Quality ESG UCITS ETF 1C,Actions,"0,25",USD,Capitalisation,https://etf.dws.com/fr-fr/IE0003NQ0IY5-msci-world-quality-esg-ucits-etf-1c/
IE000AGH5ZI1,Xtrackers Global High Yield Corporate Bond UCITS ETF 2C - EUR Hedged,Obligations,"0,20",EUR,Capitalisation,https://etf.dws.com/fr-fr/IE000AGH5ZI1-global-high-yield-corporate-bond-ucits-etf-2c-eur-hedged/
IE000MCVFK47,Xtrackers EUR Corporate Green Bond UCITS ETF 1C,Obligations,"0,25",EUR,Capitalisation,https://etf.dws.com/fr-fr/IE000MCVFK47-eur-corporate-green-bond-ucits-etf-1c/
IE00BM97MV06,Xtrackers US Treasuries Ultrashort Bond UCITS ETF 3C MXN Hedged,Obligations,"0,09",MXN,Capitalisation,https://etf.dws.com/fr-fr/IE00BM97MV06-us-treasuries-ultrashort-bond-ucits-etf-3c-mxn-hedged/
IE00BM97MR69,Xtrackers US Treasuries Ultrashort Bond UCITS ETF 1C,Obligations,"0,06",USD,Capitalisation,https://etf.dws.com/fr-fr/IE00BM97MR69-us-treasuries-ultrashort-bond-ucits-etf-1c/
IE00BGV5VR99,Xtrackers Future Mobility UCITS ETF 1C,Actions,"0,35",USD,Capitalisation,https://etf.dws.com/fr-fr/IE00BGV5VR99-future-mobility-ucits-etf-1c/
LU0429458895,Xtrackers II US Treasuries 1-3 UCITS ETF 1D,Obligations,"0,06",USD,Distribution,https://etf.dws.com/fr-fr/LU0429458895-us-treasuries-1-3-ucits-etf-1d/
LU1920015523,Xtrackers II US Treasuries 1-3 UCITS ETF 1C,Obligations,"0,06",USD,Capitalisation,https://etf.dws.com/fr-fr/LU1920015523-us-treasuries-1-3-ucits-etf-1c/
LU0292106241,Xtrackers ShortDAX Daily Swap UCITS ETF 1C,Actions,"0,40",EUR,Capitalisation,https://etf.dws.com/fr-fr/LU0292106241-shortdax-daily-swap-ucits-etf-1c/
IE00BH361H73,Xtrackers MSCI North America High Dividend Yield UCITS ETF 1C,Actions,"0,39",USD,Capitalisation,https://etf.dws.com/fr-fr/IE00BH361H73-msci-north-america-high-dividend-yield-ucits-etf-1c/
LU2673523051,Xtrackers II Target Maturity Sept 2033 EUR Corporate Bond UCITS ETF 1C,Obligations,"0,12",EUR,Capitalisation,https://etf.dws.com/fr-fr/LU2673523051-target-maturity-sept-2033-eur-corporate-bond-ucits-etf-1c/
LU2673523564,Xtrackers II Target Maturity Sept 2033 EUR Corporate Bond UCITS ETF 1D,Obligations,"0,12",EUR,Distribution,https://etf.dws.com/fr-fr/LU2673523564-target-maturity-sept-2033-eur-corporate-bond-ucits-etf-1d/
LU0292109690,Xtrackers Nifty 50 Swap UCITS ETF 1C,Actions,"0,85",USD,Capitalisation,https://etf.dws.com/fr-fr/LU0292109690-nifty-50-swap-ucits-etf-1c/
LU0292103651,Xtrackers MSCI Europe Financials UCITS ETF 1C,Actions,"0,17",EUR,Capitalisation,https://etf.dws.com/fr-fr/LU0292103651-msci-europe-financials-ucits-etf-1c/
LU2673522830,Xtrackers II Target Maturity Sept 2027 EUR Corporate Bond UCITS ETF 1C,Obligations,"0,12",EUR,Capitalisation,https://etf.dws.com/fr-fr/LU2673522830-target-maturity-sept-2027-eur-corporate-bond-ucits-etf-1c/
LU2673523218,Xtrackers II Target Maturity Sept 2027 EUR Corporate Bond UCITS ETF 1D,Obligations,"0,12",EUR,Distribution,https://etf.dws.com/fr-fr/LU2673523218-target-maturity-sept-2027-eur-corporate-bond-ucits-etf-1d/
LU0322251520,Xtrackers S&P 500 Inverse Daily Swap UCITS ETF 1C,Actions,"0,50",USD,Capitalisation,https://etf.dws.com/fr-fr/LU0322251520-s-p-500-inverse-daily-swap-ucits-etf-1c/
IE00BGQYRR35,Xtrackers MSCI USA Consumer Discretionary UCITS ETF 1D,Actions,"0,12",USD,Distribution,https://etf.dws.com/fr-fr/IE00BGQYRR35-msci-usa-consumer-discretionary-ucits-etf-1d/
IE000F354Q61,Xtrackers MSCI World Small Cap UCITS ETF 1C,Actions,"0,25",USD,Capitalisation,https://etf.dws.com/fr-fr/IE000F354Q61-msci-world-small-cap-ucits-etf-1c/
IE000ISS8DB2,Xtrackers MSCI World Small Cap UCITS ETF 1D,Actions,"0,25",USD,Distribution,https://etf.dws.com/fr-fr/IE000ISS8DB2-msci-world-small-cap-ucits-etf-1d/
IE00BM67HJ62,Xtrackers MSCI Emerging Markets ex China UCITS ETF 1C,Actions,"0,16",GBP,Capitalisation,https://etf.dws.com/fr-fr/IE00BM67HJ62-msci-emerging-markets-ex-china-ucits-etf-1c/
LU0328476410,Xtrackers S&P Select Frontier Swap UCITS ETF 1C,Actions,"0,95",USD,Capitalisation,https://etf.dws.com/fr-fr/LU0328476410-s-p-select-frontier-swap-ucits-etf-1c/
IE000UZCJS58,Xtrackers World Net Zero Pathway Paris Aligned UCITS ETF 1C,Actions,"0,19",USD,Capitalisation,https://etf.dws.com/fr-fr/IE000UZCJS58-world-net-zero-pathway-paris-aligned-ucits-etf-1c/
IE0007ULOZS8,Xtrackers S&P 500 Scored & Screened UCITS ETF 1C,Actions,"0,08",USD,Capitalisation,https://etf.dws.com/fr-fr/IE0007ULOZS8-s-p-500-scored-screened-ucits-etf-1c/
LU0322250985,Xtrackers CAC 40 UCITS ETF 1D,Actions,"0,20",EUR,Distribution,https://etf.dws.com/fr-fr/LU0322250985-cac-40-ucits-etf-1d/
LU0514694701,Xtrackers MSCI Thailand UCITS ETF 1C,Actions,"0,50",USD,Capitalisation,https://etf.dws.com/fr-fr/LU0514694701-msci-thailand-ucits-etf-1c/
IE000EUY91Y9,Xtrackers Global Corporate Bond UCITS ETF 2C - EUR Hedged,Obligations,"0,10",EUR,Capitalisation,https://etf.dws.com/fr-fr/IE000EUY91Y9-global-corporate-bond-ucits-etf-2c-eur-hedged/
LU0292109856,Xtrackers MSCI China A UCITS ETF 1C,Actions,"0,35",USD,Capitalisation,https://etf.dws.com/fr-fr/LU0292109856-msci-china-a-ucits-etf-1c/
LU0292108619,Xtrackers MSCI EM Latin America Swap UCITS ETF 1C,Actions,"0,40",USD,Capitalisation,https://etf.dws.com/fr-fr/LU0292108619-msci-em-latin-america-swap-ucits-etf-1c/
IE00BF8J5974,Xtrackers USD Corporate Bond Short Duration SRI PAB UCITS ETF 1D,Obligations,"0,16",USD,Distribution,https://etf.dws.com/fr-fr/IE00BF8J5974-usd-corporate-bond-short-duration-sri-pab-ucits-etf-1d/
IE00BFMKQ930,Xtrackers USD Corporate Bond Short Duration SRI PAB UCITS ETF 2C EUR Hedged,Obligations,"0,21",EUR,Capitalisation,https://etf.dws.com/fr-fr/IE00BFMKQ930-usd-corporate-bond-short-duration-sri-pab-ucits-etf-2c-eur-hedged/
IE00BCHWNS19,Xtrackers MSCI USA Energy UCITS ETF 1D,Actions,"0,12",USD,Distribution,https://etf.dws.com/fr-fr/IE00BCHWNS19-msci-usa-energy-ucits-etf-1d/
LU0838780707,Xtrackers FTSE 100 UCITS ETF 1C,Actions,"0,09",GBP,Capitalisation,https://etf.dws.com/fr-fr/LU0838780707-ftse-100-ucits-etf-1c/
LU0274212538,Xtrackers FTSE MIB UCITS ETF 1D,Actions,"0,30",EUR,Distribution,https://etf.dws.com/fr-fr/LU0274212538-ftse-mib-ucits-etf-1d/
LU0290357846,Xtrackers II Eurozone Government Bond 25+ UCITS ETF 1C,Obligations,"0,15",EUR,Capitalisation,https://etf.dws.com/fr-fr/LU0290357846-eurozone-government-bond-25-ucits-etf-1c/
IE00050EGWG5,Xtrackers DJE US Equity Research UCITS ETF 1C,Actions,"0,50",USD,Capitalisation,https://etf.dws.com/fr-fr/IE00050EGWG5-dje-us-equity-research-ucits-etf-1c/
LU0292097234,Xtrackers FTSE 100 Income UCITS ETF 1D,Actions,"0,09",GBP,Distribution,https://etf.dws.com/fr-fr/LU0292097234-ftse-100-income-ucits-etf-1d/
IE000O7Q2E56,Xtrackers Electrification Technologies & Smart Grid UCITS ETF 1C,Actions,"0,35",USD,Capitalisation,https://etf.dws.com/fr-fr/IE000O7Q2E56-electrification-technologies-smart-grid-ucits-etf-1c/
IE00BGQYRQ28,Xtrackers MSCI USA Consumer Staples UCITS ETF 1D,Actions,"0,12",USD,Distribution,https://etf.dws.com/fr-fr/IE00BGQYRQ28-msci-usa-consumer-staples-ucits-etf-1d/
IE00B9MRJJ36,Xtrackers MDAX ESG Screened UCITS ETF 1D,Actions,"0,40",EUR,Distribution,https://etf.dws.com/fr-fr/IE00B9MRJJ36-mdax-esg-screened-ucits-etf-1d/
LU2469465822,Xtrackers MSCI China A Screened Swap UCITS ETF 1C,Actions,"0,29",USD,Capitalisation,https://etf.dws.com/fr-fr/LU2469465822-msci-china-a-screened-swap-ucits-etf-1c/
LU0322253732,Xtrackers MSCI Europe Screened UCITS ETF 1C,Actions,"0,12",USD,Capitalisation,https://etf.dws.com/fr-fr/LU0322253732-msci-europe-screened-ucits-etf-1c/
LU2788421340,Xtrackers CSI500 Swap UCITS ETF 1C,Actions,"0,35",USD,Capitalisation,https://etf.dws.com/fr-fr/LU2788421340-csi500-swap-ucits-etf-1c/
LU0292104899,Xtrackers MSCI Europe Utilities UCITS ETF 1C,Actions,"0,17",EUR,Capitalisation,https://etf.dws.com/fr-fr/LU0292104899-msci-europe-utilities-ucits-etf-1c/
LU0592217524,Xtrackers MSCI Africa Top 50 Swap UCITS ETF 1C,Actions,"0,65",USD,Capitalisation,https://etf.dws.com/fr-fr/LU0592217524-msci-africa-top-50-swap-ucits-etf-1c/
IE000L6ZMMC4,Xtrackers FTSE All-World UCITS ETF 1C,Actions,"0,07",USD,Capitalisation,https://etf.dws.com/fr-fr/IE000L6ZMMC4-ftse-all-world-ucits-etf-1c/
IE000WHO5BF2,Xtrackers USD High Yield Corporate Bond Screened UCITS ETF 2C - GBP Hedged,Obligations,"0,30",GBP,Capitalisation,https://etf.dws.com/fr-fr/IE000WHO5BF2-usd-high-yield-corporate-bond-screened-ucits-etf-2c-gbp-hedged/
IE0006YM7D84,Xtrackers USD High Yield Corporate Bond Screened UCITS ETF 1C,Obligations,"0,25",USD,Capitalisation,https://etf.dws.com/fr-fr/IE0006YM7D84-usd-high-yield-corporate-bond-screened-ucits-etf-1c/
LU2859297330,Xtrackers World Small Cap Green Tech Innovators UCITS ETF 1C,Actions,"0,45",USD,Capitalisation,https://etf.dws.com/fr-fr/LU2859297330-world-small-cap-green-tech-innovators-ucits-etf-1c/
DE000A2UDH55,Xtrackers IE Physical Silver EUR Hedged ETC Securities,Métaux précieux,"0,73",EUR,--,https://etf.dws.com/fr-fr/etc/DE000A2UDH55-xtrackers-ie-physical-silver-eur-hedged-etc-securities/
IE00002ZKAP0,Xtrackers Europe Equity Enhanced Active UCITS ETF 1C,Actions,"0,25",EUR,Capitalisation,https://etf.dws.com/fr-fr/IE00002ZKAP0-europe-equity-enhanced-active-ucits-etf-1c/
LU0290357507,Xtrackers II Eurozone Government Bond 15-30 UCITS ETF 1C,Obligations,"0,15",EUR,Capitalisation,https://etf.dws.com/fr-fr/LU0290357507-eurozone-government-bond-15-30-ucits-etf-1c/
LU0328474803,Xtrackers S&P ASX 200 UCITS ETF 1D,Actions,"0,50",AUD,Distribution,https://etf.dws.com/fr-fr/LU0328474803-s-p-asx-200-ucits-etf-1d/
IE0003W9O921,Xtrackers USD Corporate Green Bond UCITS ETF 2C,Obligations,"0,25",USD,Capitalisation,https://etf.dws.com/fr-fr/IE0003W9O921-usd-corporate-green-bond-ucits-etf-2c/
IE000X63FXN4,Xtrackers USD Corporate Green Bond UCITS ETF 1D GBP Hedged,Obligations,"0,25",GBP,Distribution,https://etf.dws.com/fr-fr/IE000X63FXN4-usd-corporate-green-bond-ucits-etf-1d-gbp-hedged/
IE00028H9QJ8,Xtrackers USD Corporate Green Bond UCITS ETF 1C EUR Hedged,Obligations,"0,25",EUR,Capitalisation,https://etf.dws.com/fr-fr/IE00028H9QJ8-usd-corporate-green-bond-ucits-etf-1c-eur-hedged/
IE000XOQ9TK4,Xtrackers MSCI Next Generation Internet Innovation UCITS ETF 1C,Actions,"0,30",USD,Capitalisation,https://etf.dws.com/fr-fr/IE000XOQ9TK4-msci-next-generation-internet-innovation-ucits-etf-1c/
LU0411075020,Xtrackers ShortDAX x2 Daily Swap UCITS ETF 1C,Actions,"0,60",EUR,Capitalisation,https://etf.dws.com/fr-fr/LU0411075020-shortdax-x2-daily-swap-ucits-etf-1c/
XS2595366340,Xtrackers Physical Carbon EUA ETC Security,Quotas de carbone,"0,74",EUR,--,https://etf.dws.com/fr-fr/etc/XS2595366340-xtrackers-physical-carbon-eua-etc-security/
LU0411075376,Xtrackers LevDAX Daily Swap UCITS ETF 1C,Actions,"0,35",EUR,Capitalisation,https://etf.dws.com/fr-fr/LU0411075376-levdax-daily-swap-ucits-etf-1c/
IE000VKFA2D2,Xtrackers DJE Europe Equity Research UCITS ETF 1C,Actions,"0,50",EUR,Capitalisation,https://etf.dws.com/fr-fr/IE000VKFA2D2-dje-europe-equity-research-ucits-etf-1c/
GB00B68FL050,Xtrackers Physical Gold GBP Hedged ETC,Métaux précieux,"0,69",GBP,--,https://etf.dws.com/fr-fr/etc/GB00B68FL050-xtrackers-physical-gold-gbp-hedged-etc/
LU3367672022,Xtrackers II EUR High Yield Corporate Bond Active UCITS ETF 1C,Obligations,"0,35",EUR,Capitalisation,https://etf.dws.com/fr-fr/LU3367672022-eur-high-yield-corporate-bond-active-ucits-etf-1c/
DE000A1EK0H1,Xtrackers Physical Platinum EUR Hedged ETC,Métaux précieux,"0,75",EUR,--,https://etf.dws.com/fr-fr/etc/DE000A1EK0H1-xtrackers-physical-platinum-eur-hedged-etc/
LU0514694370,Xtrackers MSCI Malaysia UCITS ETF 1C,Actions,"0,50",USD,Capitalisation,https://etf.dws.com/fr-fr/LU0514694370-msci-malaysia-ucits-etf-1c/
LU2468423459,Xtrackers II ESG Eurozone Government Bond UCITS ETF 1C,Obligations,"0,15",EUR,Capitalisation,https://etf.dws.com/fr-fr/LU2468423459-esg-eurozone-government-bond-ucits-etf-1c/
LU0292105359,Xtrackers MSCI Europe Consumer Staples UCITS ETF 1C,Actions,"0,17",EUR,Capitalisation,https://etf.dws.com/fr-fr/LU0292105359-msci-europe-consumer-staples-ucits-etf-1c/
IE000YKHGYN2,Xtrackers FTSE All-World ex US UCITS ETF 1C,Actions,"0,15",USD,Capitalisation,https://etf.dws.com/fr-fr/IE000YKHGYN2-ftse-all-world-ex-us-ucits-etf-1c/
CH1315732250,Xtrackers Galaxy Physical Bitcoin ETC Securities,Cryptomonnaie,"0,25",USD,--,https://etf.dws.com/fr-fr/etc/CH1315732250-xtrackers-galaxy-physical-bitcoin-etc-securities/
IE000QVYFUT7,Xtrackers India Government Bond UCITS ETF 1C,Obligations,"0,33",USD,Capitalisation,https://etf.dws.com/fr-fr/IE000QVYFUT7-india-government-bond-ucits-etf-1c/
LU0292109005,"Xtrackers MSCI EM Europe, Middle East & Africa ESG Swap UCITS ETF 1C",Actions,"0,65",USD,Capitalisation,https://etf.dws.com/fr-fr/LU0292109005-msci-em-europe-middle-east-africa-esg-swap-ucits-etf-1c/
LU0476289623,Xtrackers MSCI Indonesia Swap UCITS ETF 1C,Actions,"0,65",USD,Capitalisation,https://etf.dws.com/fr-fr/LU0476289623-msci-indonesia-swap-ucits-etf-1c/
IE0006GNB732,Xtrackers EUR High Yield Corporate Bond SRI PAB UCITS ETF 1C,Obligations,"0,25",EUR,Capitalisation,https://etf.dws.com/fr-fr/IE0006GNB732-eur-high-yield-corporate-bond-sri-pab-ucits-etf-1c/
LU3061478973,Xtrackers Europe Defence Technologies UCITS ETF 1C,Actions,"0,25",EUR,Capitalisation,https://etf.dws.com/fr-fr/LU3061478973-europe-defence-technologies-ucits-etf-1c/
LU2376679564,Xtrackers Harvest MSCI China Tech 100 UCITS ETF 1C,Actions,"0,44",USD,Capitalisation,https://etf.dws.com/fr-fr/LU2376679564-harvest-msci-china-tech-100-ucits-etf-1c/
IE000WQ16XQ4,Xtrackers MSCI Europe High Dividend Yield ESG UCITS ETF 1D,Actions,"0,25",EUR,Distribution,https://etf.dws.com/fr-fr/IE000WQ16XQ4-msci-europe-high-dividend-yield-esg-ucits-etf-1d/
LU0292100806,Xtrackers MSCI Europe Materials UCITS ETF 1C,Actions,"0,17",EUR,Capitalisation,https://etf.dws.com/fr-fr/LU0292100806-msci-europe-materials-ucits-etf-1c/
LU0494592974,Xtrackers II Australia Government Bond UCITS ETF 1C,Obligations,"0,25",AUD,Capitalisation,https://etf.dws.com/fr-fr/LU0494592974-australia-government-bond-ucits-etf-1c/
IE000HT7E0B1,Xtrackers Nordic Net Zero Pathway Paris Aligned UCITS ETF 1C,Actions,"0,15",EUR,Capitalisation,https://etf.dws.com/fr-fr/IE000HT7E0B1-nordic-net-zero-pathway-paris-aligned-ucits-etf-1c/
DE000A2T0VT7,Xtrackers IE Physical Platinum ETC Securities,Métaux précieux,"0,38",USD,--,https://etf.dws.com/fr-fr/etc/DE000A2T0VT7-xtrackers-ie-physical-platinum-etc-securities/
LU0592215403,Xtrackers MSCI Philippines UCITS ETF 1C,Actions,"0,65",USD,Capitalisation,https://etf.dws.com/fr-fr/LU0592215403-msci-philippines-ucits-etf-1c/
LU0292106084,Xtrackers MSCI Europe Industrials UCITS ETF 1C,Actions,"0,17",EUR,Capitalisation,https://etf.dws.com/fr-fr/LU0292106084-msci-europe-industrials-ucits-etf-1c/
LU3123443510,Xtrackers II Salam USD Global Aggregate Sukuk UCITS ETF 1D,Obligations,"0,40",USD,Distribution,https://etf.dws.com/fr-fr/LU3123443510-salam-usd-global-aggregate-sukuk-ucits-etf-1d/
IE000DNSAS54,Xtrackers MSCI Emerging Markets Climate Transition UCITS ETF 1C,Actions,"0,16",USD,Capitalisation,https://etf.dws.com/fr-fr/IE000DNSAS54-msci-emerging-markets-climate-transition-ucits-etf-1c/
LU0292097317,Xtrackers FTSE 250 UCITS ETF 1D,Actions,"0,15",GBP,Distribution,https://etf.dws.com/fr-fr/LU0292097317-ftse-250-ucits-etf-1d/
LU0292104469,Xtrackers MSCI Europe Information Technology UCITS ETF 1C,Actions,"0,17",EUR,Capitalisation,https://etf.dws.com/fr-fr/LU0292104469-msci-europe-information-technology-ucits-etf-1c/
IE00BNC1G699,Xtrackers MSCI EMU ESG UCITS ETF 1C,Actions,"0,20",EUR,Capitalisation,https://etf.dws.com/fr-fr/IE00BNC1G699-msci-emu-esg-ucits-etf-1c/
LU0411078636,Xtrackers S&P 500 2x Inverse Daily Swap UCITS ETF 1C,Actions,"0,70",USD,Capitalisation,https://etf.dws.com/fr-fr/LU0411078636-s-p-500-2x-inverse-daily-swap-ucits-etf-1c/
LU2810185665,Xtrackers II Target Maturity Sept 2028 EUR Corporate Bond UCITS ETF 1D,Obligations,"0,12",EUR,Distribution,https://etf.dws.com/fr-fr/LU2810185665-target-maturity-sept-2028-eur-corporate-bond-ucits-etf-1d/
LU2809864296,Xtrackers II Target Maturity Sept 2030 EUR Corporate Bond UCITS ETF 1D,Obligations,"0,12",EUR,Distribution,https://etf.dws.com/fr-fr/LU2809864296-target-maturity-sept-2030-eur-corporate-bond-ucits-etf-1d/
IE0008YN0OY8,Xtrackers MSCI World Minimum Volatility ESG UCITS ETF 1C,Actions,"0,25",USD,Capitalisation,https://etf.dws.com/fr-fr/IE0008YN0OY8-msci-world-minimum-volatility-esg-ucits-etf-1c/
IE000JZYIUN0,Xtrackers MSCI Global SDG 7 Affordable and Clean Energy UCITS ETF 1C,Actions,"0,35",USD,Capitalisation,https://etf.dws.com/fr-fr/IE000JZYIUN0-msci-global-sdg-7-affordable-and-clean-energy-ucits-etf-1c/
LU0292106753,Xtrackers Euro Stoxx 50 Short Daily Swap UCITS ETF 1C,Actions,"0,40",EUR,Capitalisation,https://etf.dws.com/fr-fr/LU0292106753-euro-stoxx-50-short-daily-swap-ucits-etf-1c/
IE000NS5HRY9,Xtrackers MSCI World High Dividend Yield ESG UCITS ETF 1D,Actions,"0,25",USD,Distribution,https://etf.dws.com/fr-fr/IE000NS5HRY9-msci-world-high-dividend-yield-esg-ucits-etf-1d/
IE00BDVPTJ63,Xtrackers MSCI USA Banks UCITS ETF 1D,Actions,"0,12",USD,Distribution,https://etf.dws.com/fr-fr/IE00BDVPTJ63-msci-usa-banks-ucits-etf-1d/
IE000F04HGE5,Xtrackers Floating Rate Notes Active UCITS ETF 1C,Obligations,"0,12",EUR,Capitalisation,https://etf.dws.com/fr-fr/IE000F04HGE5-floating-rate-notes-active-ucits-etf-1c/
CH1315732268,Xtrackers Galaxy Physical Ethereum ETC Securities,Cryptomonnaie,"0,25",USD,--,https://etf.dws.com/fr-fr/etc/CH1315732268-xtrackers-galaxy-physical-ethereum-etc-securities/
IE000FL46JJ1,Xtrackers S&P 500 Equal Weight Swap UCITS ETF 1D,Actions,"0,12",USD,Distribution,https://etf.dws.com/fr-fr/IE000FL46JJ1-s-p-500-equal-weight-swap-ucits-etf-1d/
IE000FO1A5D1,Xtrackers S&P 500 Equal Weight Swap UCITS ETF 1C,Actions,"0,12",USD,Capitalisation,https://etf.dws.com/fr-fr/IE000FO1A5D1-s-p-500-equal-weight-swap-ucits-etf-1c/
IE00036F4K40,Xtrackers MSCI Global SDG 3 Good Health UCITS ETF 1C,Actions,"0,35",USD,Capitalisation,https://etf.dws.com/fr-fr/IE00036F4K40-msci-global-sdg-3-good-health-ucits-etf-1c/
IE000X1GW0A7,Xtrackers MSCI World IMI UCITS ETF 1C,Actions,"0,15",USD,Capitalisation,https://etf.dws.com/fr-fr/IE000X1GW0A7-msci-world-imi-ucits-etf-1c/
IE00BQXKVQ19,Xtrackers MSCI GCC Select Swap UCITS ETF 1C,Actions,"0,65",USD,Capitalisation,https://etf.dws.com/fr-fr/IE00BQXKVQ19-msci-gcc-select-swap-ucits-etf-1c/
IE000P4AYI47,Xtrackers MSCI World Climate Transition UCITS ETF 1C,Actions,"0,19",USD,Capitalisation,https://etf.dws.com/fr-fr/IE000P4AYI47-msci-world-climate-transition-ucits-etf-1c/
IE000VCBWFL8,Xtrackers MSCI EMU High Dividend Yield ESG UCITS ETF 1D,Actions,"0,25",EUR,Distribution,https://etf.dws.com/fr-fr/IE000VCBWFL8-msci-emu-high-dividend-yield-esg-ucits-etf-1d/
LU1094612022,Xtrackers II Harvest China Government Bond UCITS ETF 1D,Obligations,"0,20",USD,Distribution,https://etf.dws.com/fr-fr/LU1094612022-harvest-china-government-bond-ucits-etf-1d/
LU2641054122,Xtrackers II Eurozone Government Bond 0-1 UCITS ETF 1C,Obligations,"0,07",EUR,Capitalisation,https://etf.dws.com/fr-fr/LU2641054122-eurozone-government-bond-0-1-ucits-etf-1c/
LU0321462870,Xtrackers II iTraxx Crossover Short Daily Swap UCITS ETF 1C,Obligations,"0,24",EUR,Capitalisation,https://etf.dws.com/fr-fr/LU0321462870-itraxx-crossover-short-daily-swap-ucits-etf-1c/
IE000W6L2AI3,Xtrackers MSCI EMU Climate Transition UCITS ETF 1C,Actions,"0,12",EUR,Capitalisation,https://etf.dws.com/fr-fr/IE000W6L2AI3-msci-emu-climate-transition-ucits-etf-1c/
IE00064N5UY4,Xtrackers Eurozone Government Bond 1-10 UCITS ETF 1C,Obligations,"0,09",EUR,Capitalisation,https://etf.dws.com/fr-fr/IE00064N5UY4-eurozone-government-bond-1-10-ucits-etf-1c/
IE000E0V65D8,Xtrackers World Biodiversity Focus SRI UCITS ETF 1C,Actions,"0,30",USD,Capitalisation,https://etf.dws.com/fr-fr/IE000E0V65D8-world-biodiversity-focus-sri-ucits-etf-1c/
IE000N9MLVT1,Xtrackers MSCI Europe Climate Transition UCITS ETF 1C,Actions,"0,12",EUR,Capitalisation,https://etf.dws.com/fr-fr/IE000N9MLVT1-msci-europe-climate-transition-ucits-etf-1c/
LU2158769930,Xtrackers II J.P. Morgan EM Local Government Bond UCITS ETF 1D,Obligations,"0,25",USD,Distribution,https://etf.dws.com/fr-fr/LU2158769930-j-p-morgan-em-local-government-bond-ucits-etf-1d/
LU3119430570,Xtrackers II Eurozone Government Bond 10+ ESG Tilted UCITS ETF 1C,Obligations,"0,15",EUR,Capitalisation,https://etf.dws.com/fr-fr/LU3119430570-eurozone-government-bond-10-esg-tilted-ucits-etf-1c/
LU2859392081,Xtrackers World Green Tech Innovators UCITS ETF 1C,Actions,"0,35",USD,Capitalisation,https://etf.dws.com/fr-fr/LU2859392081-world-green-tech-innovators-ucits-etf-1c/
LU0468897110,Xtrackers II Germany Government Bond 1-3 UCITS ETF 1D,Obligations,"0,15",EUR,Distribution,https://etf.dws.com/fr-fr/LU0468897110-germany-government-bond-1-3-ucits-etf-1d/
LU2809864452,Xtrackers II Target Maturity Sept 2032 EUR Corporate Bond UCITS ETF 1D,Obligations,"0,12",EUR,Distribution,https://etf.dws.com/fr-fr/LU2809864452-target-maturity-sept-2032-eur-corporate-bond-ucits-etf-1d/
LU0292104030,Xtrackers MSCI Europe Communication Services UCITS ETF 1C,Actions,"0,17",EUR,Capitalisation,https://etf.dws.com/fr-fr/LU0292104030-msci-europe-communication-services-ucits-etf-1c/
IE000TZT8TI0,Xtrackers Emerging Markets Net Zero Pathway Paris Aligned UCITS ETF 1C,Actions,"0,20",USD,Capitalisation,https://etf.dws.com/fr-fr/IE000TZT8TI0-emerging-markets-net-zero-pathway-paris-aligned-ucits-etf-1c/
LU2504532131,Xtrackers II TIPS US Inflation-Linked Bond UCITS ETF 1C,Obligations,"0,07",USD,Capitalisation,https://etf.dws.com/fr-fr/LU2504532131-tips-us-inflation-linked-bond-ucits-etf-1c/
LU2385068163,Xtrackers II ESG Global Government Bond UCITS ETF 1D,Obligations,"0,20",EUR,Distribution,https://etf.dws.com/fr-fr/LU2385068163-esg-global-government-bond-ucits-etf-1d/
LU2462217071,Xtrackers II ESG Global Government Bond UCITS ETF 1C,Obligations,"0,20",EUR,Capitalisation,https://etf.dws.com/fr-fr/LU2462217071-esg-global-government-bond-ucits-etf-1c/
LU2385068593,Xtrackers II ESG Global Government Bond UCITS ETF 4D EUR Hedged,Obligations,"0,25",EUR,Distribution,https://etf.dws.com/fr-fr/LU2385068593-esg-global-government-bond-ucits-etf-4d-eur-hedged/
LU2385068320,Xtrackers II ESG Global Government Bond UCITS ETF 3D USD Hedged,Obligations,"0,25",USD,Distribution,https://etf.dws.com/fr-fr/LU2385068320-esg-global-government-bond-ucits-etf-3d-usd-hedged/
LU2385068247,Xtrackers II ESG Global Government Bond UCITS ETF 2D GBP Hedged,Obligations,"0,25",GBP,Distribution,https://etf.dws.com/fr-fr/LU2385068247-esg-global-government-bond-ucits-etf-2d-gbp-hedged/
IE00BDGN9Z19,Xtrackers MSCI EMU Screened UCITS ETF 1D,Actions,"0,12",EUR,Distribution,https://etf.dws.com/fr-fr/IE00BDGN9Z19-msci-emu-screened-ucits-etf-1d/
LU1310477036,Xtrackers Harvest CSI A500 UCITS ETF 1D,Actions,"0,65",USD,Distribution,https://etf.dws.com/fr-fr/LU1310477036-harvest-csi-a500-ucits-etf-1d/
IE00BN2BCY94,Xtrackers Developed Green Real Estate ESG UCITS ETF 1C,Actions,"0,18",USD,Capitalisation,https://etf.dws.com/fr-fr/IE00BN2BCY94-developed-green-real-estate-esg-ucits-etf-1c/
LU3152892546,Xtrackers II Target Maturity Sept 2035 EUR Corporate Bond UCITS ETF 1D,Obligations,"0,12",EUR,Distribution,https://etf.dws.com/fr-fr/LU3152892546-target-maturity-sept-2035-eur-corporate-bond-ucits-etf-1d/
IE0002ZM3JI1,Xtrackers USA Net Zero Pathway Paris Aligned UCITS ETF 1C,Actions,"0,10",USD,Capitalisation,https://etf.dws.com/fr-fr/IE0002ZM3JI1-usa-net-zero-pathway-paris-aligned-ucits-etf-1c/
LU2809864619,Xtrackers II Target Maturity Sept 2034 EUR Corporate Bond UCITS ETF 1D,Obligations,"0,12",EUR,Distribution,https://etf.dws.com/fr-fr/LU2809864619-target-maturity-sept-2034-eur-corporate-bond-ucits-etf-1d/
IE000472H9T4,Xtrackers Nasdaq 100 Swap UCITS ETF 1C,Actions,"0,18",USD,Capitalisation,https://etf.dws.com/fr-fr/IE000472H9T4-nasdaq-100-swap-ucits-etf-1c/
IE000EXUE0G2,Xtrackers Nasdaq 100 Swap UCITS ETF 1D,Actions,"0,18",USD,Distribution,https://etf.dws.com/fr-fr/IE000EXUE0G2-nasdaq-100-swap-ucits-etf-1d/
LU2504532487,Xtrackers II Eurozone Government Green Bond UCITS ETF 1D,Obligations,"0,18",EUR,Distribution,https://etf.dws.com/fr-fr/LU2504532487-eurozone-government-green-bond-ucits-etf-1d/
IE000YDOORK7,Xtrackers MSCI Fintech Innovation UCITS ETF 1C,Actions,"0,30",USD,Capitalisation,https://etf.dws.com/fr-fr/IE000YDOORK7-msci-fintech-innovation-ucits-etf-1c/
IE000LOSV2D0,Xtrackers USA Biodiversity Focus SRI UCITS ETF 1C,Actions,"0,30",USD,Capitalisation,https://etf.dws.com/fr-fr/IE000LOSV2D0-usa-biodiversity-focus-sri-ucits-etf-1c/
IE00BYZNF849,Xtrackers Global Infrastructure ESG UCITS ETF 1C,Actions,"0,35",USD,Capitalisation,https://etf.dws.com/fr-fr/IE00BYZNF849-global-infrastructure-esg-ucits-etf-1c/
IE0005E47AH7,"Xtrackers MSCI Global SDG 9 Industry, Innovation & Infrastructure UCITS ETF 1C",Actions,"0,35",USD,Capitalisation,https://etf.dws.com/fr-fr/IE0005E47AH7-msci-global-sdg-9-industry-innovation-infrastructure-ucits-etf-1c/
IE000UATQPE2,Xtrackers MSCI World Small Cap ESG UCITS ETF 1C,Actions,"0,25",USD,Capitalisation,https://etf.dws.com/fr-fr/IE000UATQPE2-msci-world-small-cap-esg-ucits-etf-1c/
IE000VMAR5O6,Xtrackers Europe Biodiversity Focus SRI UCITS ETF 1C,Actions,"0,30",EUR,Capitalisation,https://etf.dws.com/fr-fr/IE000VMAR5O6-europe-biodiversity-focus-sri-ucits-etf-1c/
IE000Y6L6LE6,Xtrackers EMU Net Zero Pathway Paris Aligned UCITS ETF 1C,Actions,"0,15",EUR,Capitalisation,https://etf.dws.com/fr-fr/IE000Y6L6LE6-emu-net-zero-pathway-paris-aligned-ucits-etf-1c/
IE000KD0BZ68,Xtrackers MSCI Genomic Healthcare Innovation UCITS ETF 1C,Actions,"0,30",USD,Capitalisation,https://etf.dws.com/fr-fr/IE000KD0BZ68-msci-genomic-healthcare-innovation-ucits-etf-1c/
LU0484969463,Xtrackers II Target Maturity Sept 2029 Italy and Spain Government Bond UCITS ETF 1C,Obligations,"0,12",EUR,Capitalisation,https://etf.dws.com/fr-fr/LU0484969463-target-maturity-sept-2029-italy-and-spain-government-bond-ucits-etf-1c/
DE000A2UDH63,Xtrackers IE Physical Platinum EUR Hedged ETC Securities,Métaux précieux,"0,73",EUR,--,https://etf.dws.com/fr-fr/etc/DE000A2UDH63-xtrackers-ie-physical-platinum-eur-hedged-etc-securities/
IE000X4A4GV2,Xtrackers Global Equity Top Active UCITS ETF 1C,Actions,"0,35",USD,Capitalisation,https://etf.dws.com/fr-fr/IE000X4A4GV2-global-equity-top-active-ucits-etf-1c/
IE000V04SL39,Xtrackers MSCI USA High Dividend Yield ESG UCITS ETF 1D,Actions,"0,25",USD,Distribution,https://etf.dws.com/fr-fr/IE000V04SL39-msci-usa-high-dividend-yield-esg-ucits-etf-1d/
LU0328473581,Xtrackers FTSE 100 Short Daily Swap UCITS ETF 1C,Actions,"0,50",GBP,Capitalisation,https://etf.dws.com/fr-fr/LU0328473581-ftse-100-short-daily-swap-ucits-etf-1c/
IE000GYDNJS5,Xtrackers MSCI USA Climate Transition UCITS ETF 1D,Actions,"0,09",USD,Distribution,https://etf.dws.com/fr-fr/IE000GYDNJS5-msci-usa-climate-transition-ucits-etf-1d/
IE00BNKF6C99,Xtrackers Stoxx European Market Leaders UCITS ETF 1C,Actions,"0,25",EUR,Capitalisation,https://etf.dws.com/fr-fr/IE00BNKF6C99-stoxx-european-market-leaders-ucits-etf-1c/
IE000M8F3JA6,Xtrackers Global Growth Leaders Active UCITS ETF 1C,Actions,"0,50",USD,Capitalisation,https://etf.dws.com/fr-fr/IE000M8F3JA6-global-growth-leaders-active-ucits-etf-1c/
IE000SRQBBT6,Xtrackers S&P 500 Defensive Shareholder Yield UCITS ETF 1C,Actions,"0,25",USD,Capitalisation,https://etf.dws.com/fr-fr/IE000SRQBBT6-s-p-500-defensive-shareholder-yield-ucits-etf-1c/
IE000ER61U30,Xtrackers MSCI Europe Small Cap ESG UCITS ETF 1C,Actions,"0,25",EUR,Capitalisation,https://etf.dws.com/fr-fr/IE000ER61U30-msci-europe-small-cap-esg-ucits-etf-1c/
IE000Y6ZXZ48,Xtrackers MSCI Global Circular Economy UCITS ETF 1C,Actions,"0,35",USD,Capitalisation,https://etf.dws.com/fr-fr/IE000Y6ZXZ48-msci-global-circular-economy-ucits-etf-1c/
IE0007WJ6B10,Xtrackers MSCI Global Clean Water & Sanitation UCITS ETF 1C,Actions,"0,35",USD,Capitalisation,https://etf.dws.com/fr-fr/IE0007WJ6B10-msci-global-clean-water-sanitation-ucits-etf-1c/
IE0001JH5CB4,Xtrackers Europe Net Zero Pathway Paris Aligned UCITS ETF 1C,Actions,"0,15",EUR,Capitalisation,https://etf.dws.com/fr-fr/IE0001JH5CB4-europe-net-zero-pathway-paris-aligned-ucits-etf-1c/
LU3152892629,Xtrackers II Target Maturity Sept 2036 EUR Corporate Bond UCITS ETF 1D,Obligations,"0,12",EUR,Distribution,https://etf.dws.com/fr-fr/LU3152892629-target-maturity-sept-2036-eur-corporate-bond-ucits-etf-1d/
IE000PSF3A70,Xtrackers MSCI Global SDGs UCITS ETF 1C,Actions,"0,35",USD,Capitalisation,https://etf.dws.com/fr-fr/IE000PSF3A70-msci-global-sdgs-ucits-etf-1c/
LU2662649503,Xtrackers II US Treasuries 3-7 UCITS ETF 1D,Obligations,"0,06",USD,Distribution,https://etf.dws.com/fr-fr/LU2662649503-us-treasuries-3-7-ucits-etf-1d/
LU3116008775,Xtrackers Diversified Portfolio 80% Equity UCITS ETF 1C,Multi-actifs,"0,24",EUR,Capitalisation,https://etf.dws.com/fr-fr/LU3116008775-diversified-portfolio-80-equity-ucits-etf-1c/
IE0006FFX5U1,Xtrackers MSCI Innovation UCITS ETF 1C,Actions,"0,30",USD,Capitalisation,https://etf.dws.com/fr-fr/IE0006FFX5U1-msci-innovation-ucits-etf-1c/
IE0001TLQX55,Xtrackers S&P 500 GARP UCITS ETF 1C,Actions,"0,25",USD,Capitalisation,https://etf.dws.com/fr-fr/IE0001TLQX55-s-p-500-garp-ucits-etf-1c/
IE000V0GDVU7,Xtrackers MSCI Global SDG 11 Sustainable Cities UCITS ETF 1C,Actions,"0,35",USD,Capitalisation,https://etf.dws.com/fr-fr/IE000V0GDVU7-msci-global-sdg-11-sustainable-cities-ucits-etf-1c/
LU3116008692,Xtrackers Diversified Portfolio 60% Equity UCITS ETF 1C,Multi-actifs,"0,24",EUR,Capitalisation,https://etf.dws.com/fr-fr/LU3116008692-diversified-portfolio-60-equity-ucits-etf-1c/
IE000DVHJV46,Xtrackers S&P 500 Market Leaders UCITS ETF 1C,Actions,"0,25",USD,Capitalisation,https://etf.dws.com/fr-fr/IE000DVHJV46-s-p-500-market-leaders-ucits-etf-1c/
IE0006FDYJF8,Xtrackers MSCI Japan Climate Transition UCITS ETF 1D,Actions,"0,15",USD,Distribution,https://etf.dws.com/fr-fr/IE0006FDYJF8-msci-japan-climate-transition-ucits-etf-1d/
LU2662649412,Xtrackers II US Treasuries 10+ UCITS ETF 1D,Obligations,"0,06",USD,Distribution,https://etf.dws.com/fr-fr/LU2662649412-us-treasuries-10-ucits-etf-1d/
IE00BDB7J586,Xtrackers MSCI USA Minimum Volatility UCITS ETF 1D,Actions,"0,20",USD,Distribution,https://etf.dws.com/fr-fr/IE00BDB7J586-msci-usa-minimum-volatility-ucits-etf-1d/
LU3254343414,PostFinance Global Portfolio Xtrackers UCITS ETF 1C,Multi-actifs,"0,49",CHF,Capitalisation,https://etf.dws.com/fr-fr/LU3254343414-postfinance-global-portfolio-xtrackers-ucits-etf-1c/
IE000L2IS494,Xtrackers MSCI Global Social Fairness Contributors UCITS ETF 1C,Actions,"0,35",USD,Capitalisation,https://etf.dws.com/fr-fr/IE000L2IS494-msci-global-social-fairness-contributors-ucits-etf-1c/
LU3116008429,Xtrackers Diversified Portfolio 40% Equity UCITS ETF 1C,Multi-actifs,"0,24",EUR,Capitalisation,https://etf.dws.com/fr-fr/LU3116008429-diversified-portfolio-40-equity-ucits-etf-1c/
LU3119430067,Xtrackers II Eurozone Government Bond 1-3 ESG Tilted UCITS ETF 1C,Obligations,"0,15",EUR,Capitalisation,https://etf.dws.com/fr-fr/LU3119430067-eurozone-government-bond-1-3-esg-tilted-ucits-etf-1c/
LU2662649685,Xtrackers II US Treasuries 7-10 UCITS ETF 1D,Obligations,"0,06",USD,Distribution,https://etf.dws.com/fr-fr/LU2662649685-us-treasuries-7-10-ucits-etf-1d/
LU3116008346,Xtrackers Diversified Portfolio 20% Equity UCITS ETF 1C,Multi-actifs,"0,24",EUR,Capitalisation,https://etf.dws.com/fr-fr/LU3116008346-diversified-portfolio-20-equity-ucits-etf-1c/
LU3119430141,Xtrackers II Eurozone Government Bond 3-5 ESG Tilted UCITS ETF 1C,Obligations,"0,15",EUR,Capitalisation,https://etf.dws.com/fr-fr/LU3119430141-eurozone-government-bond-3-5-esg-tilted-ucits-etf-1c/
LU3119430224,Xtrackers II Eurozone Government Bond 5-7 ESG Tilted UCITS ETF 1C,Obligations,"0,15",EUR,Capitalisation,https://etf.dws.com/fr-fr/LU3119430224-eurozone-government-bond-5-7-esg-tilted-ucits-etf-1c/
LU3119430497,Xtrackers II Eurozone Government Bond 7-10 ESG Tilted UCITS ETF 1C,Obligations,"0,15",EUR,Capitalisation,https://etf.dws.com/fr-fr/LU3119430497-eurozone-government-bond-7-10-esg-tilted-ucits-etf-1c/
LU3386643970,Scalable MSCI AC World Leveraged Daily Swap Xtrackers UCITS ETF 1C,Actions,"0,45",EUR,Capitalisation,https://etf.dws.com/fr-fr/LU3386643970-scalable-msci-ac-world-leveraged-daily-swap-xtrackers-ucits-etf-1c/
